anio_chile,semana_chile,anio_noruega,semana_noruega,temperatura_chile_C,temperatura_noruega_C,dif_temperatura_C,salinidad_chile_PSU,salinidad_noruega_PSU,dif_salinidad_PSU,comparabilidad_temperatura,comparabilidad_salinidad,comparabilidad_general
2014,1,2014,27,8.199,10.372,2.173,33.651,33.911,0.26,Muy similar,Muy similar,Comparable
2014,2,2014,28,8.443,12.507,4.064,33.635,33.526,0.109,Diferente,Muy similar,No comparable / revisar
2014,3,2014,29,8.738,12.099,3.361,33.627,33.87,0.243,Diferente,Muy similar,No comparable / revisar
2014,4,2014,30,8.83,13.068,4.238,33.633,33.745,0.112,Diferente,Muy similar,No comparable / revisar
2014,5,2014,31,8.835,13.831,4.996,33.632,33.348,0.284,Diferente,Muy similar,No comparable / revisar
2014,6,2014,32,8.999,13.789,4.79,33.626,33.5,0.126,Diferente,Muy similar,No comparable / revisar
2014,7,2014,33,9.008,13.165,4.157,33.629,33.72,0.091,Diferente,Muy similar,No comparable / revisar
2014,8,2014,34,9.141,9.656,0.515,33.613,34.127,0.514,Muy similar,Muy similar,Comparable
2014,9,2014,35,9.243,9.9,0.657,33.601,34.015,0.414,Muy similar,Muy similar,Comparable
2014,10,2014,36,9.127,11.127,2.0,33.589,33.872,0.283,Muy similar,Muy similar,Comparable
2014,11,2014,37,8.756,10.881,2.125,33.595,33.992,0.397,Muy similar,Muy similar,Comparable
2014,12,2014,38,8.573,10.314,1.741,33.595,34.053,0.458,Muy similar,Muy similar,Comparable
2014,13,2014,39,8.506,9.538,1.032,33.555,34.086,0.531,Muy similar,Muy similar,Comparable
2014,14,2014,40,8.45,9.664,1.214,33.577,34.044,0.467,Muy similar,Muy similar,Comparable
2014,15,2014,41,8.454,9.306,0.852,33.57,33.978,0.408,Muy similar,Muy similar,Comparable
2014,16,2014,42,8.166,8.422,0.256,33.561,33.977,0.416,Muy similar,Muy similar,Comparable
2014,17,2014,43,8.108,8.511,0.403,33.545,33.867,0.322,Muy similar,Muy similar,Comparable
2014,18,2014,44,7.926,8.89,0.964,33.535,33.733,0.198,Muy similar,Muy similar,Comparable
2014,19,2014,45,7.707,8.241,0.534,33.537,33.833,0.296,Muy similar,Muy similar,Comparable
2014,20,2014,46,7.376,7.976,0.6,33.539,33.87,0.331,Muy similar,Muy similar,Comparable
2014,21,2014,47,7.182,8.197,1.015,33.533,33.882,0.349,Muy similar,Muy similar,Comparable
2014,22,2014,48,7.117,7.962,0.845,33.51,33.833,0.323,Muy similar,Muy similar,Comparable
2014,23,2014,49,6.684,7.75,1.066,33.515,33.778,0.263,Muy similar,Muy similar,Comparable
2014,24,2014,50,6.624,7.507,0.883,33.508,33.786,0.278,Muy similar,Muy similar,Comparable
2014,25,2014,51,6.471,6.999,0.528,33.508,33.837,0.329,Muy similar,Muy similar,Comparable
2014,26,2014,52,6.339,6.44,0.101,33.506,33.936,0.43,Muy similar,Muy similar,Comparable
2014,27,2015,1,6.191,6.547,0.356,33.488,34.008,0.52,Muy similar,Muy similar,Comparable
2014,28,2015,2,5.902,6.382,0.48,33.502,34.053,0.551,Muy similar,Muy similar,Comparable
2014,29,2015,3,5.817,5.517,0.3,33.492,34.066,0.574,Muy similar,Muy similar,Comparable
2014,30,2015,4,5.365,5.607,0.242,33.509,34.081,0.572,Muy similar,Muy similar,Comparable
2014,31,2015,5,5.307,5.535,0.228,33.498,34.012,0.514,Muy similar,Muy similar,Comparable
2014,32,2015,6,5.305,4.432,0.873,33.493,33.96,0.467,Muy similar,Muy similar,Comparable
2014,33,2015,7,5.181,4.332,0.849,33.496,33.884,0.388,Muy similar,Muy similar,Comparable
2014,34,2015,8,5.103,4.837,0.266,33.5,33.971,0.471,Muy similar,Muy similar,Comparable
2014,35,2015,9,5.272,4.64,0.632,33.482,33.993,0.511,Muy similar,Muy similar,Comparable
2014,36,2015,10,5.447,5.153,0.294,33.478,34.095,0.617,Muy similar,Muy similar,Comparable
2014,37,2015,11,5.485,5.453,0.032,33.484,34.306,0.822,Muy similar,Muy similar,Comparable
2014,38,2015,12,5.419,5.54,0.121,33.497,34.426,0.929,Muy similar,Muy similar,Comparable
2014,39,2015,13,5.519,4.6,0.919,33.499,34.271,0.772,Muy similar,Muy similar,Comparable
2014,40,2015,14,5.606,4.615,0.991,33.516,34.196,0.68,Muy similar,Muy similar,Comparable
2014,41,2015,15,5.766,4.988,0.778,33.511,34.249,0.738,Muy similar,Muy similar,Comparable
2014,42,2015,16,5.89,5.484,0.406,33.521,34.24,0.719,Muy similar,Muy similar,Comparable
2014,43,2015,17,6.17,5.756,0.414,33.52,34.19,0.67,Muy similar,Muy similar,Comparable
2014,44,2015,18,6.074,5.711,0.363,33.529,34.148,0.619,Muy similar,Muy similar,Comparable
2014,45,2015,19,6.275,6.186,0.089,33.529,34.071,0.542,Muy similar,Muy similar,Comparable
2014,46,2015,20,6.455,6.517,0.062,33.533,34.01,0.477,Muy similar,Muy similar,Comparable
2014,47,2015,21,6.68,7.083,0.403,33.542,34.01,0.468,Muy similar,Muy similar,Comparable
2014,48,2015,22,6.892,7.439,0.547,33.541,33.927,0.386,Muy similar,Muy similar,Comparable
2014,49,2015,23,7.462,7.606,0.144,33.543,33.817,0.274,Muy similar,Muy similar,Comparable
2014,50,2015,24,7.573,8.048,0.475,33.551,33.609,0.058,Muy similar,Muy similar,Comparable
2014,51,2015,25,7.845,8.748,0.903,33.551,33.532,0.019,Muy similar,Muy similar,Comparable
2014,52,2015,26,8.024,9.037,1.013,33.552,33.539,0.013,Muy similar,Muy similar,Comparable
2015,1,2015,27,9.019,9.801,0.782,33.551,33.542,0.009,Muy similar,Muy similar,Comparable
2015,2,2015,28,8.792,9.202,0.41,33.566,33.716,0.15,Muy similar,Muy similar,Comparable
2015,3,2015,29,8.811,9.379,0.568,33.585,33.718,0.133,Muy similar,Muy similar,Comparable
2015,4,2015,30,9.174,10.13,0.956,33.587,33.558,0.029,Muy similar,Muy similar,Comparable
2015,5,2015,31,9.652,10.46,0.808,33.582,33.548,0.034,Muy similar,Muy similar,Comparable
2015,6,2015,32,9.659,11.779,2.12,33.57,33.209,0.361,Muy similar,Muy similar,Comparable
2015,7,2015,33,9.555,12.013,2.458,33.582,33.425,0.157,Muy similar,Muy similar,Comparable
2015,8,2015,34,9.544,12.453,2.909,33.583,33.478,0.105,Muy similar,Muy similar,Comparable
2015,9,2015,35,9.494,12.589,3.095,33.574,33.517,0.057,Diferente,Muy similar,No comparable / revisar
2015,10,2015,36,9.572,11.963,2.391,33.558,33.435,0.123,Muy similar,Muy similar,Comparable
2015,11,2015,37,9.57,11.163,1.593,33.553,33.478,0.075,Muy similar,Muy similar,Comparable
2015,12,2015,38,9.356,11.181,1.825,33.558,33.415,0.143,Muy similar,Muy similar,Comparable
2015,13,2015,39,9.588,10.832,1.244,33.556,33.389,0.167,Muy similar,Muy similar,Comparable
2015,14,2015,40,9.079,10.313,1.234,33.558,33.301,0.257,Muy similar,Muy similar,Comparable
2015,15,2015,41,8.876,9.392,0.516,33.562,33.297,0.265,Muy similar,Muy similar,Comparable
2015,16,2015,42,8.668,9.449,0.781,33.561,33.345,0.216,Muy similar,Muy similar,Comparable
2015,17,2015,43,8.397,9.077,0.68,33.563,33.368,0.195,Muy similar,Muy similar,Comparable
2015,18,2015,44,8.323,8.381,0.058,33.556,33.376,0.18,Muy similar,Muy similar,Comparable
2015,19,2015,45,7.825,8.804,0.979,33.576,33.415,0.161,Muy similar,Muy similar,Comparable
2015,20,2015,46,7.892,8.709,0.817,33.55,33.435,0.115,Muy similar,Muy similar,Comparable
2015,21,2015,47,7.623,8.097,0.474,33.542,33.382,0.16,Muy similar,Muy similar,Comparable
2015,22,2015,48,7.209,8.043,0.834,33.544,33.403,0.141,Muy similar,Muy similar,Comparable
2015,23,2015,49,6.976,7.864,0.888,33.542,33.421,0.121,Muy similar,Muy similar,Comparable
2015,24,2015,50,6.664,7.367,0.703,33.548,33.418,0.13,Muy similar,Muy similar,Comparable
2015,25,2015,51,6.103,6.542,0.439,33.539,33.435,0.104,Muy similar,Muy similar,Comparable
2015,26,2015,52,6.004,6.785,0.781,33.537,33.4,0.137,Muy similar,Muy similar,Comparable
2015,27,2016,1,5.772,5.983,0.211,33.539,33.346,0.193,Muy similar,Muy similar,Comparable
2015,28,2016,2,5.515,5.025,0.49,33.535,33.454,0.081,Muy similar,Muy similar,Comparable
2015,29,2016,3,5.207,5.004,0.203,33.529,33.52,0.009,Muy similar,Muy similar,Comparable
2015,30,2016,4,5.004,5.462,0.458,33.513,33.529,0.016,Muy similar,Muy similar,Comparable
2015,31,2016,5,5.003,5.058,0.055,33.514,33.618,0.104,Muy similar,Muy similar,Comparable
2015,32,2016,6,4.892,4.773,0.119,33.516,33.718,0.202,Muy similar,Muy similar,Comparable
2015,33,2016,7,4.851,4.937,0.086,33.525,33.899,0.374,Muy similar,Muy similar,Comparable
2015,34,2016,8,4.609,4.815,0.206,33.539,33.968,0.429,Muy similar,Muy similar,Comparable
2015,35,2016,9,4.68,4.856,0.176,33.529,34.08,0.551,Muy similar,Muy similar,Comparable
2015,36,2016,10,4.848,5.133,0.285,33.537,34.114,0.577,Muy similar,Muy similar,Comparable
2015,37,2016,11,4.81,4.864,0.054,33.548,34.129,0.581,Muy similar,Muy similar,Comparable
2015,38,2016,12,4.605,4.516,0.089,33.579,34.206,0.627,Muy similar,Muy similar,Comparable
2015,39,2016,13,4.729,5.13,0.401,33.589,34.205,0.616,Muy similar,Muy similar,Comparable
2015,40,2016,14,4.87,5.328,0.458,33.583,34.251,0.668,Muy similar,Muy similar,Comparable
2015,41,2016,15,5.159,5.291,0.132,33.58,34.312,0.732,Muy similar,Muy similar,Comparable
2015,42,2016,16,5.449,5.509,0.06,33.579,34.358,0.779,Muy similar,Muy similar,Comparable
2015,43,2016,17,5.782,5.957,0.175,33.606,34.35,0.744,Muy similar,Muy similar,Comparable
2015,44,2016,18,6.13,6.676,0.546,33.6,34.213,0.613,Muy similar,Muy similar,Comparable
2015,45,2016,19,6.375,6.839,0.464,33.618,34.142,0.524,Muy similar,Muy similar,Comparable
2015,46,2016,20,6.78,6.95,0.17,33.618,34.187,0.569,Muy similar,Muy similar,Comparable
2015,47,2016,21,7.023,7.943,0.92,33.631,34.138,0.507,Muy similar,Muy similar,Comparable
2015,48,2016,22,7.287,8.612,1.325,33.645,34.129,0.484,Muy similar,Muy similar,Comparable
2015,49,2016,23,7.721,8.077,0.356,33.657,34.207,0.55,Muy similar,Muy similar,Comparable
2015,50,2016,24,7.793,8.785,0.992,33.668,34.018,0.35,Muy similar,Muy similar,Comparable
2015,51,2016,25,8.136,9.643,1.507,33.675,33.967,0.292,Muy similar,Muy similar,Comparable
2015,52,2016,26,8.353,10.959,2.606,33.677,33.53,0.147,Muy similar,Muy similar,Comparable
2015,53,2016,27,8.861,11.26,2.399,33.68,33.509,0.171,Muy similar,Muy similar,Comparable
2016,1,2016,27,8.928,11.26,2.332,33.683,33.509,0.174,Muy similar,Muy similar,Comparable
2016,2,2016,28,8.989,11.181,2.192,33.7,33.699,0.001,Muy similar,Muy similar,Comparable
2016,3,2016,29,9.348,11.347,1.999,33.694,33.673,0.021,Muy similar,Muy similar,Comparable
2016,4,2016,30,9.523,11.224,1.701,33.677,33.738,0.061,Muy similar,Muy similar,Comparable
2016,5,2016,31,10.042,9.551,0.491,33.643,34.085,0.442,Muy similar,Muy similar,Comparable
2016,6,2016,32,9.902,10.957,1.055,33.654,33.842,0.188,Muy similar,Muy similar,Comparable
2016,7,2016,33,9.71,11.795,2.085,33.645,33.707,0.062,Muy similar,Muy similar,Comparable
2016,8,2016,34,9.714,11.975,2.261,33.628,33.827,0.199,Muy similar,Muy similar,Comparable
2016,9,2016,35,9.914,11.133,1.219,33.616,33.981,0.365,Muy similar,Muy similar,Comparable
2016,10,2016,36,9.679,10.825,1.146,33.598,33.867,0.269,Muy similar,Muy similar,Comparable
2016,11,2016,37,9.455,10.925,1.47,33.585,33.696,0.111,Muy similar,Muy similar,Comparable
2016,12,2016,38,9.367,11.003,1.636,33.565,33.744,0.179,Muy similar,Muy similar,Comparable
2016,13,2016,39,9.302,10.775,1.473,33.536,33.702,0.166,Muy similar,Muy similar,Comparable
2016,14,2016,40,8.899,10.11,1.211,33.526,33.693,0.167,Muy similar,Muy similar,Comparable
2016,15,2016,41,8.647,10.022,1.375,33.497,33.672,0.175,Muy similar,Muy similar,Comparable
2016,16,2016,42,8.129,9.77,1.641,33.505,33.723,0.218,Muy similar,Muy similar,Comparable
2016,17,2016,43,7.967,9.787,1.82,33.514,33.607,0.093,Muy similar,Muy similar,Comparable
2016,18,2016,44,7.846,9.246,1.4,33.52,33.547,0.027,Muy similar,Muy similar,Comparable
2016,19,2016,45,7.776,8.592,0.816,33.522,33.567,0.045,Muy similar,Muy similar,Comparable
2016,20,2016,46,7.742,8.951,1.209,33.517,33.471,0.046,Muy similar,Muy similar,Comparable
2016,21,2016,47,7.477,8.367,0.89,33.518,33.421,0.097,Muy similar,Muy similar,Comparable
2016,22,2016,48,7.334,7.78,0.446,33.512,33.421,0.091,Muy similar,Muy similar,Comparable
2016,23,2016,49,7.046,7.034,0.012,33.506,33.459,0.047,Muy similar,Muy similar,Comparable
2016,24,2016,50,6.943,6.862,0.081,33.49,33.459,0.031,Muy similar,Muy similar,Comparable
2016,25,2016,51,6.877,6.719,0.158,33.476,33.4,0.076,Muy similar,Muy similar,Comparable
2016,26,2016,52,6.738,6.423,0.315,33.459,33.522,0.063,Muy similar,Muy similar,Comparable
2016,27,2017,1,6.336,5.964,0.372,33.46,33.625,0.165,Muy similar,Muy similar,Comparable
2016,28,2017,2,6.29,5.649,0.641,33.453,33.703,0.25,Muy similar,Muy similar,Comparable
2016,29,2017,3,6.107,5.287,0.82,33.443,33.759,0.316,Muy similar,Muy similar,Comparable
2016,30,2017,4,5.929,5.377,0.552,33.441,33.723,0.282,Muy similar,Muy similar,Comparable
2016,31,2017,5,5.92,5.157,0.763,33.434,33.684,0.25,Muy similar,Muy similar,Comparable
2016,32,2017,6,5.739,5.325,0.414,33.419,33.794,0.375,Muy similar,Muy similar,Comparable
2016,33,2017,7,5.37,5.237,0.133,33.435,33.876,0.441,Muy similar,Muy similar,Comparable
2016,34,2017,8,5.527,4.54,0.987,33.403,33.963,0.56,Muy similar,Muy similar,Comparable
2016,35,2017,9,5.508,4.174,1.334,33.396,34.071,0.675,Muy similar,Muy similar,Comparable
2016,36,2017,10,5.675,4.164,1.511,33.381,34.085,0.704,Muy similar,Muy similar,Comparable
2016,37,2017,11,5.735,4.408,1.327,33.373,34.048,0.675,Muy similar,Muy similar,Comparable
2016,38,2017,12,5.906,4.478,1.428,33.355,33.994,0.639,Muy similar,Muy similar,Comparable
2016,39,2017,13,6.213,4.362,1.851,33.354,34.021,0.667,Muy similar,Muy similar,Comparable
2016,40,2017,14,6.48,4.496,1.984,33.338,34.026,0.688,Muy similar,Muy similar,Comparable
2016,41,2017,15,6.424,4.648,1.776,33.338,34.15,0.812,Muy similar,Muy similar,Comparable
2016,42,2017,16,6.617,4.801,1.816,33.353,34.21,0.857,Muy similar,Muy similar,Comparable
2016,43,2017,17,6.972,5.158,1.814,33.341,34.217,0.876,Muy similar,Muy similar,Comparable
2016,44,2017,18,7.095,5.479,1.616,33.331,34.293,0.962,Muy similar,Muy similar,Comparable
2016,45,2017,19,7.16,5.598,1.562,33.335,34.348,1.013,Muy similar,Muy similar,Comparable
2016,46,2017,20,7.404,6.406,0.998,33.331,34.16,0.829,Muy similar,Muy similar,Comparable
2016,47,2017,21,8.038,6.78,1.258,33.321,33.975,0.654,Muy similar,Muy similar,Comparable
2016,48,2017,22,8.358,6.692,1.666,33.32,33.997,0.677,Muy similar,Muy similar,Comparable
2016,49,2017,23,8.584,7.676,0.908,33.338,33.923,0.585,Muy similar,Muy similar,Comparable
2016,50,2017,24,8.713,8.735,0.022,33.355,33.741,0.386,Muy similar,Muy similar,Comparable
2016,51,2017,25,9.434,9.803,0.369,33.351,33.43,0.079,Muy similar,Muy similar,Comparable
2016,52,2017,26,9.542,8.814,0.728,33.363,33.852,0.489,Muy similar,Muy similar,Comparable
2017,1,2017,27,9.874,10.315,0.441,33.365,33.672,0.307,Muy similar,Muy similar,Comparable
2017,2,2017,28,9.797,11.621,1.824,33.373,33.596,0.223,Muy similar,Muy similar,Comparable
2017,3,2017,29,9.939,11.765,1.826,33.365,33.728,0.363,Muy similar,Muy similar,Comparable
2017,4,2017,30,10.175,12.035,1.86,33.358,33.866,0.508,Muy similar,Muy similar,Comparable
2017,5,2017,31,10.289,10.781,0.492,33.354,34.213,0.859,Muy similar,Muy similar,Comparable
2017,6,2017,32,10.689,12.256,1.567,33.334,33.709,0.375,Muy similar,Muy similar,Comparable
2017,7,2017,33,10.9,11.75,0.85,33.326,33.879,0.553,Muy similar,Muy similar,Comparable
2017,8,2017,34,10.838,10.969,0.131,33.326,33.962,0.636,Muy similar,Muy similar,Comparable
2017,9,2017,35,10.908,10.904,0.004,33.303,33.853,0.55,Muy similar,Muy similar,Comparable
2017,10,2017,36,10.894,11.115,0.221,33.304,33.766,0.462,Muy similar,Muy similar,Comparable
2017,11,2017,37,10.509,11.028,0.519,33.31,33.773,0.463,Muy similar,Muy similar,Comparable
2017,12,2017,38,10.612,10.824,0.212,33.304,33.726,0.422,Muy similar,Muy similar,Comparable
2017,13,2017,39,10.71,11.345,0.635,33.309,33.608,0.299,Muy similar,Muy similar,Comparable
2017,14,2017,40,10.342,11.301,0.959,33.312,33.613,0.301,Muy similar,Muy similar,Comparable
2017,15,2017,41,10.021,10.786,0.765,33.323,33.621,0.298,Muy similar,Muy similar,Comparable
2017,16,2017,42,9.796,10.543,0.747,33.308,33.543,0.235,Muy similar,Muy similar,Comparable
2017,17,2017,43,9.611,9.817,0.206,33.3,33.5,0.2,Muy similar,Muy similar,Comparable
2017,18,2017,44,9.28,8.983,0.297,33.301,33.565,0.264,Muy similar,Muy similar,Comparable
2017,19,2017,45,9.135,8.853,0.282,33.307,33.493,0.186,Muy similar,Muy similar,Comparable
2017,20,2017,46,8.973,8.298,0.675,33.285,33.459,0.174,Muy similar,Muy similar,Comparable
2017,21,2017,47,8.436,7.219,1.217,33.29,33.506,0.216,Muy similar,Muy similar,Comparable
2017,22,2017,48,8.204,7.29,0.914,33.278,33.548,0.27,Muy similar,Muy similar,Comparable
2017,23,2017,49,7.878,6.778,1.1,33.277,33.537,0.26,Muy similar,Muy similar,Comparable
2017,24,2017,50,7.265,6.716,0.549,33.275,33.505,0.23,Muy similar,Muy similar,Comparable
2017,25,2017,51,6.89,6.687,0.203,33.29,33.524,0.234,Muy similar,Muy similar,Comparable
2017,26,2017,52,6.656,5.917,0.739,33.287,33.635,0.348,Muy similar,Muy similar,Comparable
2017,27,2018,1,6.648,5.723,0.925,33.264,33.817,0.553,Muy similar,Muy similar,Comparable
2017,28,2018,2,6.2,5.901,0.299,33.256,33.91,0.654,Muy similar,Muy similar,Comparable
2017,29,2018,3,6.162,5.561,0.601,33.238,33.904,0.666,Muy similar,Muy similar,Comparable
2017,30,2018,4,6.06,4.876,1.184,33.229,33.887,0.658,Muy similar,Muy similar,Comparable
2017,31,2018,5,5.874,4.498,1.376,33.234,33.909,0.675,Muy similar,Muy similar,Comparable
2017,32,2018,6,5.675,5.131,0.544,33.226,33.999,0.773,Muy similar,Muy similar,Comparable
2017,33,2018,7,5.494,4.932,0.562,33.233,34.019,0.786,Muy similar,Muy similar,Comparable
2017,34,2018,8,5.423,4.356,1.067,33.214,34.002,0.788,Muy similar,Muy similar,Comparable
2017,35,2018,9,5.475,4.199,1.276,33.216,34.011,0.795,Muy similar,Muy similar,Comparable
2017,36,2018,10,5.453,3.508,1.945,33.217,34.077,0.86,Muy similar,Muy similar,Comparable
2017,37,2018,11,5.399,3.568,1.831,33.222,34.15,0.928,Muy similar,Muy similar,Comparable
2017,38,2018,12,5.402,3.619,1.783,33.229,34.196,0.967,Muy similar,Muy similar,Comparable
2017,39,2018,13,5.506,3.402,2.104,33.233,34.226,0.993,Muy similar,Muy similar,Comparable
2017,40,2018,14,5.627,3.458,2.169,33.233,34.152,0.919,Muy similar,Muy similar,Comparable
2017,41,2018,15,5.83,3.932,1.898,33.247,34.078,0.831,Muy similar,Muy similar,Comparable
2017,42,2018,16,6.103,4.756,1.347,33.258,34.049,0.791,Muy similar,Muy similar,Comparable
2017,43,2018,17,6.447,4.75,1.697,33.26,34.052,0.792,Muy similar,Muy similar,Comparable
2017,44,2018,18,6.825,5.203,1.622,33.278,34.09,0.812,Muy similar,Muy similar,Comparable
2017,45,2018,19,7.524,6.487,1.037,33.281,34.122,0.841,Muy similar,Muy similar,Comparable
2017,46,2018,20,7.691,7.457,0.234,33.304,34.12,0.816,Muy similar,Muy similar,Comparable
2017,47,2018,21,7.38,7.073,0.307,33.327,34.052,0.725,Muy similar,Muy similar,Comparable
2017,48,2018,22,7.603,7.483,0.12,33.338,34.059,0.721,Muy similar,Muy similar,Comparable
2017,49,2018,23,7.866,7.632,0.234,33.353,34.031,0.678,Muy similar,Muy similar,Comparable
2017,50,2018,24,7.975,8.262,0.287,33.362,33.84,0.478,Muy similar,Muy similar,Comparable
2017,51,2018,25,8.177,8.876,0.699,33.374,33.756,0.382,Muy similar,Muy similar,Comparable
2017,52,2018,26,8.359,8.455,0.096,33.382,33.782,0.4,Muy similar,Muy similar,Comparable
2018,1,2018,27,9.007,9.522,0.515,33.381,33.673,0.292,Muy similar,Muy similar,Comparable
2018,2,2018,28,9.297,10.561,1.264,33.366,33.419,0.053,Muy similar,Muy similar,Comparable
2018,3,2018,29,9.353,11.661,2.308,33.37,33.429,0.059,Muy similar,Muy similar,Comparable
2018,4,2018,30,9.567,12.605,3.038,33.358,33.295,0.063,Diferente,Muy similar,No comparable / revisar
2018,5,2018,31,9.751,14.529,4.778,33.353,33.167,0.186,Diferente,Muy similar,No comparable / revisar
2018,6,2018,32,9.829,13.489,3.66,33.359,33.367,0.008,Diferente,Muy similar,No comparable / revisar
2018,7,2018,33,9.83,11.97,2.14,33.351,33.592,0.241,Muy similar,Muy similar,Comparable
2018,8,2018,34,10.022,12.258,2.236,33.333,33.429,0.096,Muy similar,Muy similar,Comparable
2018,9,2018,35,10.04,11.847,1.807,33.324,33.533,0.209,Muy similar,Muy similar,Comparable
2018,10,2018,36,10.059,11.727,1.668,33.299,33.516,0.217,Muy similar,Muy similar,Comparable
2018,11,2018,37,9.876,11.634,1.758,33.283,33.461,0.178,Muy similar,Muy similar,Comparable
2018,12,2018,38,9.601,11.18,1.579,33.278,33.353,0.075,Muy similar,Muy similar,Comparable
2018,13,2018,39,9.372,10.05,0.678,33.267,33.33,0.063,Muy similar,Muy similar,Comparable
2018,14,2018,40,9.1,9.269,0.169,33.268,33.338,0.07,Muy similar,Muy similar,Comparable
2018,15,2018,41,8.88,9.129,0.249,33.262,33.351,0.089,Muy similar,Muy similar,Comparable
2018,16,2018,42,8.737,9.328,0.591,33.262,33.392,0.13,Muy similar,Muy similar,Comparable
2018,17,2018,43,8.388,8.929,0.541,33.266,33.549,0.283,Muy similar,Muy similar,Comparable
2018,18,2018,44,8.127,8.379,0.252,33.281,33.805,0.524,Muy similar,Muy similar,Comparable
2018,19,2018,45,7.957,8.365,0.408,33.281,33.661,0.38,Muy similar,Muy similar,Comparable
2018,20,2018,46,7.686,8.472,0.786,33.283,33.621,0.338,Muy similar,Muy similar,Comparable
2018,21,2018,47,7.595,7.877,0.282,33.249,33.589,0.34,Muy similar,Muy similar,Comparable
2018,22,2018,48,7.311,7.367,0.056,33.263,33.655,0.392,Muy similar,Muy similar,Comparable
2018,23,2018,49,7.176,7.276,0.1,33.258,33.55,0.292,Muy similar,Muy similar,Comparable
2018,24,2018,50,7.008,7.309,0.301,33.257,33.667,0.41,Muy similar,Muy similar,Comparable
2018,25,2018,51,6.612,6.877,0.265,33.266,33.664,0.398,Muy similar,Muy similar,Comparable
2018,26,2018,52,6.274,6.421,0.147,33.254,33.776,0.522,Muy similar,Muy similar,Comparable
2018,27,2019,1,5.928,5.883,0.045,33.271,33.786,0.515,Muy similar,Muy similar,Comparable
2018,28,2019,2,5.786,5.791,0.005,33.264,33.796,0.532,Muy similar,Muy similar,Comparable
2018,29,2019,3,5.567,5.129,0.438,33.268,33.813,0.545,Muy similar,Muy similar,Comparable
2018,30,2019,4,5.649,4.104,1.545,33.236,33.876,0.64,Muy similar,Muy similar,Comparable
2018,31,2019,5,5.425,3.197,2.228,33.233,34.008,0.775,Muy similar,Muy similar,Comparable
2018,32,2019,6,5.217,3.647,1.57,33.225,34.069,0.844,Muy similar,Muy similar,Comparable
2018,33,2019,7,5.285,4.459,0.826,33.211,34.029,0.818,Muy similar,Muy similar,Comparable
2018,34,2019,8,5.368,4.292,1.076,33.196,33.977,0.781,Muy similar,Muy similar,Comparable
2018,35,2019,9,5.233,4.469,0.764,33.206,33.881,0.675,Muy similar,Muy similar,Comparable
2018,36,2019,10,5.254,3.447,1.807,33.207,33.929,0.722,Muy similar,Muy similar,Comparable
2018,37,2019,11,5.337,3.294,2.043,33.205,34.023,0.818,Muy similar,Muy similar,Comparable
2018,38,2019,12,5.307,3.586,1.721,33.212,34.043,0.831,Muy similar,Muy similar,Comparable
2018,39,2019,13,5.38,3.634,1.746,33.214,33.938,0.724,Muy similar,Muy similar,Comparable
2018,40,2019,14,5.367,3.792,1.575,33.223,33.907,0.684,Muy similar,Muy similar,Comparable
2018,41,2019,15,5.56,3.794,1.766,33.229,33.932,0.703,Muy similar,Muy similar,Comparable
2018,42,2019,16,6.028,4.166,1.862,33.222,33.888,0.666,Muy similar,Muy similar,Comparable
2018,43,2019,17,6.575,5.168,1.407,33.242,33.815,0.573,Muy similar,Muy similar,Comparable
2018,44,2019,18,6.47,5.118,1.352,33.24,33.829,0.589,Muy similar,Muy similar,Comparable
2018,45,2019,19,6.6,5.208,1.392,33.254,33.867,0.613,Muy similar,Muy similar,Comparable
2018,46,2019,20,6.872,5.984,0.888,33.256,33.8,0.544,Muy similar,Muy similar,Comparable
2018,47,2019,21,7.184,6.595,0.589,33.272,33.892,0.62,Muy similar,Muy similar,Comparable
2018,48,2019,22,7.623,7.148,0.475,33.288,33.871,0.583,Muy similar,Muy similar,Comparable
2018,49,2019,23,7.864,8.363,0.499,33.279,33.508,0.229,Muy similar,Muy similar,Comparable
2018,50,2019,24,8.1,7.672,0.428,33.298,33.874,0.576,Muy similar,Muy similar,Comparable
2018,51,2019,25,8.379,9.48,1.101,33.334,33.449,0.115,Muy similar,Muy similar,Comparable
2018,52,2019,26,8.636,9.9,1.264,33.328,33.47,0.142,Muy similar,Muy similar,Comparable
2019,1,2019,27,8.772,10.424,1.652,33.302,33.643,0.341,Muy similar,Muy similar,Comparable
2019,2,2019,28,9.061,11.709,2.648,33.289,33.713,0.424,Muy similar,Muy similar,Comparable
2019,3,2019,29,9.103,11.42,2.317,33.249,33.82,0.571,Muy similar,Muy similar,Comparable
2019,4,2019,30,9.26,14.201,4.941,33.19,33.163,0.027,Diferente,Muy similar,No comparable / revisar
2019,5,2019,31,9.494,11.633,2.139,33.092,33.814,0.722,Muy similar,Muy similar,Comparable
2019,6,2019,32,10.266,11.182,0.916,33.054,34.02,0.966,Muy similar,Muy similar,Comparable
2019,7,2019,33,9.675,11.338,1.663,33.023,34.002,0.979,Muy similar,Muy similar,Comparable
2019,8,2019,34,9.544,12.818,3.274,32.983,33.58,0.597,Diferente,Muy similar,No comparable / revisar
2019,9,2019,35,9.454,12.269,2.815,32.974,33.703,0.729,Muy similar,Muy similar,Comparable
2019,10,2019,36,9.292,12.138,2.846,32.963,33.777,0.814,Muy similar,Muy similar,Comparable
2019,11,2019,37,9.314,11.729,2.415,32.898,33.806,0.908,Muy similar,Muy similar,Comparable
2019,12,2019,38,9.226,10.869,1.643,32.895,33.776,0.881,Muy similar,Muy similar,Comparable
2019,13,2019,39,9.143,10.317,1.174,32.875,33.735,0.86,Muy similar,Muy similar,Comparable
2019,14,2019,40,8.958,10.027,1.069,32.795,33.811,1.016,Muy similar,Muy similar,Comparable
2019,15,2019,41,8.515,9.26,0.745,32.813,33.823,1.01,Muy similar,Muy similar,Comparable
2019,16,2019,42,8.208,9.038,0.83,32.776,33.665,0.889,Muy similar,Muy similar,Comparable
2019,17,2019,43,8.046,9.006,0.96,32.785,33.527,0.742,Muy similar,Muy similar,Comparable
2019,18,2019,44,7.642,7.981,0.339,32.794,33.512,0.718,Muy similar,Muy similar,Comparable
2019,19,2019,45,7.514,6.976,0.538,32.789,33.446,0.657,Muy similar,Muy similar,Comparable
2019,20,2019,46,7.321,6.012,1.309,32.741,33.473,0.732,Muy similar,Muy similar,Comparable
2019,21,2019,47,7.11,6.149,0.961,32.729,33.447,0.718,Muy similar,Muy similar,Comparable
2019,22,2019,48,6.644,5.853,0.791,32.767,33.369,0.602,Muy similar,Muy similar,Comparable
2019,23,2019,49,6.521,5.655,0.866,32.749,33.316,0.567,Muy similar,Muy similar,Comparable
2019,24,2019,50,6.171,5.063,1.108,32.767,33.395,0.628,Muy similar,Muy similar,Comparable
2019,25,2019,51,6.089,4.869,1.22,32.771,33.472,0.701,Muy similar,Muy similar,Comparable
2019,26,2019,52,5.607,4.832,0.775,32.773,33.615,0.842,Muy similar,Muy similar,Comparable
2019,27,2020,1,5.359,4.816,0.543,32.749,33.532,0.783,Muy similar,Muy similar,Comparable
2019,28,2020,2,5.348,5.095,0.253,32.736,33.549,0.813,Muy similar,Muy similar,Comparable
2019,29,2020,3,5.195,4.875,0.32,32.742,33.661,0.919,Muy similar,Muy similar,Comparable
2019,30,2020,4,5.096,4.611,0.485,32.718,33.745,1.027,Muy similar,Muy similar,Comparable
2019,31,2020,5,4.897,3.868,1.029,32.642,33.937,1.295,Muy similar,Muy similar,Comparable
2019,32,2020,6,4.854,4.404,0.45,32.655,34.028,1.373,Muy similar,Muy similar,Comparable
2019,33,2020,7,4.569,4.575,0.006,32.689,33.984,1.295,Muy similar,Muy similar,Comparable
2019,34,2020,8,4.558,4.256,0.302,32.653,33.913,1.26,Muy similar,Muy similar,Comparable
2019,35,2020,9,4.563,4.188,0.375,32.62,33.812,1.192,Muy similar,Muy similar,Comparable
2019,36,2020,10,4.493,3.53,0.963,32.663,33.82,1.157,Muy similar,Muy similar,Comparable
2019,37,2020,11,4.503,3.762,0.741,32.616,33.845,1.229,Muy similar,Muy similar,Comparable
2019,38,2020,12,4.519,3.636,0.883,32.583,33.847,1.264,Muy similar,Muy similar,Comparable
2019,39,2020,13,4.753,4.283,0.47,32.575,33.9,1.325,Muy similar,Muy similar,Comparable
2019,40,2020,14,4.719,3.843,0.876,32.591,33.93,1.339,Muy similar,Muy similar,Comparable
2019,41,2020,15,4.626,3.944,0.682,32.603,33.959,1.356,Muy similar,Muy similar,Comparable
2019,42,2020,16,5.062,4.342,0.72,32.588,34.01,1.422,Muy similar,Muy similar,Comparable
2019,43,2020,17,5.363,4.901,0.462,32.541,34.02,1.479,Muy similar,Muy similar,Comparable
2019,44,2020,18,5.699,5.065,0.634,32.535,34.034,1.499,Muy similar,Muy similar,Comparable
2019,45,2020,19,5.897,5.323,0.574,32.566,33.957,1.391,Muy similar,Muy similar,Comparable
2019,46,2020,20,6.622,5.199,1.423,32.539,33.782,1.243,Muy similar,Muy similar,Comparable
2019,47,2020,21,7.189,6.203,0.986,32.558,33.746,1.188,Muy similar,Muy similar,Comparable
2019,48,2020,22,7.967,7.366,0.601,32.564,33.57,1.006,Muy similar,Muy similar,Comparable
2019,49,2020,23,8.093,8.557,0.464,32.598,33.534,0.936,Muy similar,Muy similar,Comparable
2019,50,2020,24,8.365,8.963,0.598,32.57,33.4,0.83,Muy similar,Muy similar,Comparable
2019,51,2020,25,8.892,9.703,0.811,32.505,33.19,0.685,Muy similar,Muy similar,Comparable
2019,52,2020,26,9.536,11.371,1.835,32.503,32.989,0.486,Muy similar,Muy similar,Comparable
2020,1,2020,27,10.17,9.054,1.116,32.518,33.412,0.894,Muy similar,Muy similar,Comparable
2020,2,2020,28,10.303,10.592,0.289,32.495,33.177,0.682,Muy similar,Muy similar,Comparable
2020,3,2020,29,10.18,12.598,2.418,32.46,32.745,0.285,Muy similar,Muy similar,Comparable
2020,4,2020,30,10.315,12.534,2.219,32.458,32.808,0.35,Muy similar,Muy similar,Comparable
2020,5,2020,31,10.121,13.761,3.64,32.449,33.0,0.551,Diferente,Muy similar,No comparable / revisar
2020,6,2020,32,10.769,14.273,3.504,32.405,32.927,0.522,Diferente,Muy similar,No comparable / revisar
2020,7,2020,33,10.914,13.705,2.791,32.415,33.477,1.062,Muy similar,Muy similar,Comparable
2020,8,2020,34,10.415,12.822,2.407,32.429,33.485,1.056,Muy similar,Muy similar,Comparable
2020,9,2020,35,10.113,12.278,2.165,32.434,33.299,0.865,Muy similar,Muy similar,Comparable
2020,10,2020,36,10.151,11.738,1.587,32.397,33.392,0.995,Muy similar,Muy similar,Comparable
2020,11,2020,37,10.017,11.515,1.498,32.386,33.407,1.021,Muy similar,Muy similar,Comparable
2020,12,2020,38,9.742,11.093,1.351,32.395,33.311,0.916,Muy similar,Muy similar,Comparable
2020,13,2020,39,9.415,10.37,0.955,32.376,33.308,0.932,Muy similar,Muy similar,Comparable
2020,14,2020,40,9.245,9.975,0.73,32.398,33.392,0.994,Muy similar,Muy similar,Comparable
2020,15,2020,41,9.031,9.655,0.624,32.394,33.416,1.022,Muy similar,Muy similar,Comparable
2020,16,2020,42,8.872,9.223,0.351,32.421,33.352,0.931,Muy similar,Muy similar,Comparable
2020,17,2020,43,8.409,8.558,0.149,32.461,33.326,0.865,Muy similar,Muy similar,Comparable
2020,18,2020,44,8.147,8.388,0.241,32.448,33.151,0.703,Muy similar,Muy similar,Comparable
2020,19,2020,45,7.964,8.442,0.478,32.434,33.113,0.679,Muy similar,Muy similar,Comparable
2020,20,2020,46,7.713,8.041,0.328,32.446,33.171,0.725,Muy similar,Muy similar,Comparable
2020,21,2020,47,7.49,7.599,0.109,32.421,33.244,0.823,Muy similar,Muy similar,Comparable
2020,22,2020,48,7.305,6.884,0.421,32.416,33.262,0.846,Muy similar,Muy similar,Comparable
2020,23,2020,49,7.088,6.851,0.237,32.391,33.195,0.804,Muy similar,Muy similar,Comparable
2020,24,2020,50,6.531,6.488,0.043,32.404,33.196,0.792,Muy similar,Muy similar,Comparable
2020,25,2020,51,6.222,6.064,0.158,32.378,33.18,0.802,Muy similar,Muy similar,Comparable
2020,26,2020,52,5.863,6.045,0.182,32.4,33.108,0.708,Muy similar,Muy similar,Comparable
2020,27,2021,1,5.533,5.445,0.088,32.41,33.311,0.901,Muy similar,Muy similar,Comparable
2020,28,2021,2,5.308,4.729,0.579,32.398,33.422,1.024,Muy similar,Muy similar,Comparable
2020,29,2021,3,4.904,4.33,0.574,32.409,33.655,1.246,Muy similar,Muy similar,Comparable
2020,30,2021,4,4.64,3.786,0.854,32.427,33.865,1.438,Muy similar,Muy similar,Comparable
2020,31,2021,5,4.561,4.07,0.491,32.441,33.926,1.485,Muy similar,Muy similar,Comparable
2020,32,2021,6,4.478,4.044,0.434,32.409,34.014,1.605,Muy similar,Muy similar,Comparable
2020,33,2021,7,4.281,3.907,0.374,32.427,33.972,1.545,Muy similar,Muy similar,Comparable
2020,34,2021,8,4.258,4.115,0.143,32.402,33.869,1.467,Muy similar,Muy similar,Comparable
2020,35,2021,9,4.03,3.997,0.033,32.404,33.837,1.433,Muy similar,Muy similar,Comparable
2020,36,2021,10,3.945,3.628,0.317,32.396,34.01,1.614,Muy similar,Muy similar,Comparable
2020,37,2021,11,3.957,3.689,0.268,32.369,34.074,1.705,Muy similar,Muy similar,Comparable
2020,38,2021,12,4.004,4.325,0.321,32.418,34.197,1.779,Muy similar,Muy similar,Comparable
2020,39,2021,13,4.206,4.672,0.466,32.41,34.104,1.694,Muy similar,Muy similar,Comparable
2020,40,2021,14,4.163,4.418,0.255,32.416,34.032,1.616,Muy similar,Muy similar,Comparable
2020,41,2021,15,4.484,4.554,0.07,32.384,34.009,1.625,Muy similar,Muy similar,Comparable
2020,42,2021,16,4.779,4.777,0.002,32.344,33.984,1.64,Muy similar,Muy similar,Comparable
2020,43,2021,17,5.188,4.732,0.456,32.374,33.977,1.603,Muy similar,Muy similar,Comparable
2020,44,2021,18,5.513,4.995,0.518,32.396,33.955,1.559,Muy similar,Muy similar,Comparable
2020,45,2021,19,6.502,5.53,0.972,32.414,33.958,1.544,Muy similar,Muy similar,Comparable
2020,46,2021,20,6.411,6.449,0.038,32.451,33.932,1.481,Muy similar,Muy similar,Comparable
2020,47,2021,21,6.616,6.64,0.024,32.475,34.023,1.548,Muy similar,Muy similar,Comparable
2020,48,2021,22,7.04,8.633,1.593,32.461,33.739,1.278,Muy similar,Muy similar,Comparable
2020,49,2021,23,7.13,9.842,2.712,32.494,33.451,0.957,Muy similar,Muy similar,Comparable
2020,50,2021,24,7.904,9.489,1.585,32.441,33.275,0.834,Muy similar,Muy similar,Comparable
2020,51,2021,25,7.797,9.906,2.109,32.491,33.207,0.716,Muy similar,Muy similar,Comparable
2020,52,2021,26,8.129,10.179,2.05,32.452,33.195,0.743,Muy similar,Muy similar,Comparable
2020,53,2021,27,8.815,12.42,3.605,32.461,33.064,0.603,Diferente,Muy similar,No comparable / revisar
2021,1,2021,27,8.877,12.42,3.543,32.489,33.064,0.575,Diferente,Muy similar,No comparable / revisar
2021,2,2021,28,9.088,12.012,2.924,32.501,33.007,0.506,Muy similar,Muy similar,Comparable
2021,3,2021,29,9.131,10.811,1.68,32.527,33.265,0.738,Muy similar,Muy similar,Comparable
2021,4,2021,30,8.978,10.797,1.819,32.561,33.409,0.848,Muy similar,Muy similar,Comparable
2021,5,2021,31,9.053,11.036,1.983,32.579,33.207,0.628,Muy similar,Muy similar,Comparable
2021,6,2021,32,9.794,12.366,2.572,32.586,32.874,0.288,Muy similar,Muy similar,Comparable
2021,7,2021,33,9.34,10.803,1.463,32.593,33.296,0.703,Muy similar,Muy similar,Comparable
2021,8,2021,34,9.243,10.313,1.07,32.623,33.406,0.783,Muy similar,Muy similar,Comparable
2021,9,2021,35,9.419,10.252,0.833,32.62,33.124,0.504,Muy similar,Muy similar,Comparable
2021,10,2021,36,9.173,9.996,0.823,32.577,33.007,0.43,Muy similar,Muy similar,Comparable
2021,11,2021,37,8.814,9.716,0.902,32.596,33.14,0.544,Muy similar,Muy similar,Comparable
2021,12,2021,38,8.639,9.862,1.223,32.591,33.417,0.826,Muy similar,Muy similar,Comparable
2021,13,2021,39,8.437,9.891,1.454,32.566,33.659,1.093,Muy similar,Muy similar,Comparable
2021,14,2021,40,8.289,9.447,1.158,32.583,33.599,1.016,Muy similar,Muy similar,Comparable
2021,15,2021,41,8.17,8.701,0.531,32.586,33.578,0.992,Muy similar,Muy similar,Comparable
2021,16,2021,42,8.071,7.681,0.39,32.585,33.733,1.148,Muy similar,Muy similar,Comparable
2021,17,2021,43,7.812,7.443,0.369,32.558,33.75,1.192,Muy similar,Muy similar,Comparable
2021,18,2021,44,7.601,7.639,0.038,32.623,33.7,1.077,Muy similar,Muy similar,Comparable
2021,19,2021,45,7.529,7.245,0.284,32.612,33.641,1.029,Muy similar,Muy similar,Comparable
2021,20,2021,46,7.396,7.454,0.058,32.602,33.633,1.031,Muy similar,Muy similar,Comparable
2021,21,2021,47,6.807,6.781,0.026,32.651,33.786,1.135,Muy similar,Muy similar,Comparable
2021,22,2021,48,6.224,6.223,0.001,32.642,34.013,1.371,Muy similar,Muy similar,Comparable
2021,23,2021,49,6.282,5.745,0.537,32.623,34.011,1.388,Muy similar,Muy similar,Comparable
2021,24,2021,50,6.071,6.197,0.126,32.643,33.901,1.258,Muy similar,Muy similar,Comparable
2021,25,2021,51,5.875,5.667,0.208,32.644,33.896,1.252,Muy similar,Muy similar,Comparable
2021,26,2021,52,5.808,5.067,0.741,32.635,33.919,1.284,Muy similar,Muy similar,Comparable
2021,27,2022,1,5.557,4.707,0.85,32.599,33.859,1.26,Muy similar,Muy similar,Comparable
2021,28,2022,2,5.312,4.789,0.523,32.615,33.788,1.173,Muy similar,Muy similar,Comparable
2021,29,2022,3,5.247,4.649,0.598,32.608,33.731,1.123,Muy similar,Muy similar,Comparable
2021,30,2022,4,5.215,4.484,0.731,32.601,33.74,1.139,Muy similar,Muy similar,Comparable
2021,31,2022,5,5.173,3.526,1.647,32.606,33.794,1.188,Muy similar,Muy similar,Comparable
2021,32,2022,6,5.114,3.384,1.73,32.576,33.809,1.233,Muy similar,Muy similar,Comparable
2021,33,2022,7,4.866,3.104,1.762,32.536,33.978,1.442,Muy similar,Muy similar,Comparable
2021,34,2022,8,4.721,3.186,1.535,32.578,34.078,1.5,Muy similar,Muy similar,Comparable
2021,35,2022,9,4.799,3.936,0.863,32.585,33.943,1.358,Muy similar,Muy similar,Comparable
2021,36,2022,10,4.944,3.907,1.037,32.586,33.891,1.305,Muy similar,Muy similar,Comparable
2021,37,2022,11,4.879,4.223,0.656,32.613,33.922,1.309,Muy similar,Muy similar,Comparable
2021,38,2022,12,5.072,4.303,0.769,32.555,33.819,1.264,Muy similar,Muy similar,Comparable
2021,39,2022,13,5.195,4.022,1.173,32.581,33.911,1.33,Muy similar,Muy similar,Comparable
2021,40,2022,14,5.297,3.89,1.407,32.59,33.916,1.326,Muy similar,Muy similar,Comparable
2021,41,2022,15,5.563,4.288,1.275,32.573,33.843,1.27,Muy similar,Muy similar,Comparable
2021,42,2022,16,5.815,4.688,1.127,32.586,33.567,0.981,Muy similar,Muy similar,Comparable
2021,43,2022,17,6.203,4.518,1.685,32.611,33.56,0.949,Muy similar,Muy similar,Comparable
2021,44,2022,18,6.889,4.563,2.326,32.608,33.543,0.935,Muy similar,Muy similar,Comparable
2021,45,2022,19,7.127,5.249,1.878,32.647,33.411,0.764,Muy similar,Muy similar,Comparable
2021,46,2022,20,6.975,6.095,0.88,32.671,33.417,0.746,Muy similar,Muy similar,Comparable
2021,47,2022,21,7.144,7.808,0.664,32.688,33.395,0.707,Muy similar,Muy similar,Comparable
2021,48,2022,22,7.482,9.243,1.761,32.715,33.378,0.663,Muy similar,Muy similar,Comparable
2021,49,2022,23,8.138,8.311,0.173,32.733,33.335,0.602,Muy similar,Muy similar,Comparable
2021,50,2022,24,8.388,8.92,0.532,32.755,33.452,0.697,Muy similar,Muy similar,Comparable
2021,51,2022,25,8.387,9.662,1.275,32.771,33.216,0.445,Muy similar,Muy similar,Comparable
2021,52,2022,26,8.878,12.358,3.48,32.75,33.106,0.356,Diferente,Muy similar,No comparable / revisar
2022,1,2022,27,9.102,12.503,3.401,32.784,32.852,0.068,Diferente,Muy similar,No comparable / revisar
2022,2,2022,28,9.166,12.487,3.321,32.777,32.79,0.013,Diferente,Muy similar,No comparable / revisar
2022,3,2022,29,10.002,12.118,2.116,32.807,32.793,0.014,Muy similar,Muy similar,Comparable
2022,4,2022,30,9.762,12.352,2.59,32.799,33.017,0.218,Muy similar,Muy similar,Comparable
2022,5,2022,31,9.547,13.267,3.72,32.797,32.851,0.054,Diferente,Muy similar,No comparable / revisar
2022,6,2022,32,9.67,12.61,2.94,32.73,33.144,0.414,Muy similar,Muy similar,Comparable
2022,7,2022,33,9.55,12.243,2.693,32.757,33.463,0.706,Muy similar,Muy similar,Comparable
2022,8,2022,34,9.897,12.164,2.267,32.751,33.16,0.409,Muy similar,Muy similar,Comparable
2022,9,2022,35,9.63,11.282,1.652,32.735,33.497,0.762,Muy similar,Muy similar,Comparable
2022,10,2022,36,9.57,10.692,1.122,32.734,33.617,0.883,Muy similar,Muy similar,Comparable
2022,11,2022,37,9.161,10.258,1.097,32.709,33.672,0.963,Muy similar,Muy similar,Comparable
2022,12,2022,38,9.026,10.019,0.993,32.687,33.848,1.161,Muy similar,Muy similar,Comparable
2022,13,2022,39,8.736,9.941,1.205,32.69,33.597,0.907,Muy similar,Muy similar,Comparable
2022,14,2022,40,8.308,9.787,1.479,32.72,33.572,0.852,Muy similar,Muy similar,Comparable
2022,15,2022,41,8.224,9.997,1.773,32.708,33.513,0.805,Muy similar,Muy similar,Comparable
2022,16,2022,42,8.065,9.587,1.522,32.693,33.454,0.761,Muy similar,Muy similar,Comparable
2022,17,2022,43,7.709,8.697,0.988,32.707,33.414,0.707,Muy similar,Muy similar,Comparable
2022,18,2022,44,7.527,8.68,1.153,32.693,33.427,0.734,Muy similar,Muy similar,Comparable
2022,19,2022,45,7.377,8.001,0.624,32.693,33.385,0.692,Muy similar,Muy similar,Comparable
2022,20,2022,46,7.219,7.525,0.306,32.696,33.406,0.71,Muy similar,Muy similar,Comparable
2022,21,2022,47,6.786,6.7,0.086,32.732,33.562,0.83,Muy similar,Muy similar,Comparable
2022,22,2022,48,6.459,6.787,0.328,32.746,33.601,0.855,Muy similar,Muy similar,Comparable
2022,23,2022,49,6.205,6.346,0.141,32.704,33.637,0.933,Muy similar,Muy similar,Comparable
2022,24,2022,50,6.0,5.681,0.319,32.697,33.688,0.991,Muy similar,Muy similar,Comparable
2022,25,2022,51,5.655,5.636,0.019,32.73,33.734,1.004,Muy similar,Muy similar,Comparable
2022,26,2022,52,5.536,5.403,0.133,32.688,33.786,1.098,Muy similar,Muy similar,Comparable
2022,27,2023,1,5.128,4.962,0.166,32.7,33.812,1.112,Muy similar,Muy similar,Comparable
2022,28,2023,2,4.83,4.958,0.128,32.69,33.856,1.166,Muy similar,Muy similar,Comparable
2022,29,2023,3,4.706,5.19,0.484,32.676,33.815,1.139,Muy similar,Muy similar,Comparable
2022,30,2023,4,4.62,5.109,0.489,32.686,33.772,1.086,Muy similar,Muy similar,Comparable
2022,31,2023,5,4.61,4.685,0.075,32.64,33.743,1.103,Muy similar,Muy similar,Comparable
2022,32,2023,6,4.365,5.036,0.671,32.661,33.628,0.967,Muy similar,Muy similar,Comparable
2022,33,2023,7,4.244,5.128,0.884,32.646,33.663,1.017,Muy similar,Muy similar,Comparable
2022,34,2023,8,4.165,4.689,0.524,32.616,33.729,1.113,Muy similar,Muy similar,Comparable
2022,35,2023,9,4.151,4.608,0.457,32.577,33.771,1.194,Muy similar,Muy similar,Comparable
2022,36,2023,10,4.087,4.143,0.056,32.588,33.933,1.345,Muy similar,Muy similar,Comparable
2022,37,2023,11,4.158,3.763,0.395,32.611,33.99,1.379,Muy similar,Muy similar,Comparable
2022,38,2023,12,4.299,3.269,1.03,32.599,33.969,1.37,Muy similar,Muy similar,Comparable
2022,39,2023,13,4.568,3.094,1.474,32.602,33.958,1.356,Muy similar,Muy similar,Comparable
2022,40,2023,14,4.864,3.616,1.248,32.603,33.923,1.32,Muy similar,Muy similar,Comparable
2022,41,2023,15,5.023,4.105,0.918,32.601,33.866,1.265,Muy similar,Muy similar,Comparable
2022,42,2023,16,5.337,4.46,0.877,32.612,33.806,1.194,Muy similar,Muy similar,Comparable
2022,43,2023,17,5.644,4.507,1.137,32.619,33.793,1.174,Muy similar,Muy similar,Comparable
2022,44,2023,18,6.09,4.79,1.3,32.605,33.759,1.154,Muy similar,Muy similar,Comparable
2022,45,2023,19,6.752,5.648,1.104,32.628,33.751,1.123,Muy similar,Muy similar,Comparable
2022,46,2023,20,7.251,6.557,0.694,32.639,33.929,1.29,Muy similar,Muy similar,Comparable
2022,47,2023,21,7.151,6.808,0.343,32.665,33.967,1.302,Muy similar,Muy similar,Comparable
2022,48,2023,22,7.294,6.828,0.466,32.689,33.914,1.225,Muy similar,Muy similar,Comparable
2022,49,2023,23,7.667,7.311,0.356,32.715,33.893,1.178,Muy similar,Muy similar,Comparable
2022,50,2023,24,7.951,8.075,0.124,32.682,33.952,1.27,Muy similar,Muy similar,Comparable
2022,51,2023,25,8.608,11.197,2.589,32.668,33.305,0.637,Muy similar,Muy similar,Comparable
2022,52,2023,26,8.455,11.466,3.011,32.673,33.289,0.616,Diferente,Muy similar,No comparable / revisar
2023,1,2023,27,8.577,10.741,2.164,32.639,33.965,1.326,Muy similar,Muy similar,Comparable
2023,2,2023,28,8.934,13.03,4.096,32.673,33.406,0.733,Diferente,Muy similar,No comparable / revisar
2023,3,2023,29,9.22,13.442,4.222,32.668,33.11,0.442,Diferente,Muy similar,No comparable / revisar
2023,4,2023,30,9.241,13.11,3.869,32.664,33.34,0.676,Diferente,Muy similar,No comparable / revisar
2023,5,2023,31,9.367,12.727,3.36,32.676,33.596,0.92,Diferente,Muy similar,No comparable / revisar
2023,6,2023,32,9.445,14.078,4.633,32.662,33.24,0.578,Diferente,Muy similar,No comparable / revisar
2023,7,2023,33,9.31,13.417,4.107,32.682,33.495,0.813,Diferente,Muy similar,No comparable / revisar
2023,8,2023,34,9.223,12.691,3.468,32.638,33.735,1.097,Diferente,Muy similar,No comparable / revisar
2023,9,2023,35,9.088,12.952,3.864,32.584,33.619,1.035,Diferente,Muy similar,No comparable / revisar
2023,10,2023,36,8.834,12.524,3.69,32.568,33.886,1.318,Diferente,Muy similar,No comparable / revisar
2023,11,2023,37,8.578,11.932,3.354,32.548,34.025,1.477,Diferente,Muy similar,No comparable / revisar
2023,12,2023,38,8.318,10.85,2.532,32.583,34.064,1.481,Muy similar,Muy similar,Comparable
2023,13,2023,39,7.953,10.496,2.543,32.57,33.896,1.326,Muy similar,Muy similar,Comparable
2023,14,2023,40,7.799,9.519,1.72,32.575,33.789,1.214,Muy similar,Muy similar,Comparable
2023,15,2023,41,7.364,8.554,1.19,32.625,33.791,1.166,Muy similar,Muy similar,Comparable
2023,16,2023,42,7.175,8.298,1.123,32.58,33.838,1.258,Muy similar,Muy similar,Comparable
2023,17,2023,43,6.888,7.681,0.793,32.526,33.822,1.296,Muy similar,Muy similar,Comparable
2023,18,2023,44,6.732,7.088,0.356,32.547,33.757,1.21,Muy similar,Muy similar,Comparable
2023,19,2023,45,6.522,6.624,0.102,32.553,33.738,1.185,Muy similar,Muy similar,Comparable
2023,20,2023,46,6.307,6.185,0.122,32.547,33.671,1.124,Muy similar,Muy similar,Comparable
2023,21,2023,47,5.966,6.063,0.097,32.572,33.614,1.042,Muy similar,Muy similar,Comparable
2023,22,2023,48,5.908,5.375,0.533,32.564,33.644,1.08,Muy similar,Muy similar,Comparable
2023,23,2023,49,5.574,5.081,0.493,32.591,33.699,1.108,Muy similar,Muy similar,Comparable
2023,24,2023,50,5.441,5.02,0.421,32.596,33.732,1.136,Muy similar,Muy similar,Comparable
2023,25,2023,51,5.214,5.152,0.062,32.589,33.732,1.143,Muy similar,Muy similar,Comparable
2023,26,2023,52,4.925,4.589,0.336,32.594,33.801,1.207,Muy similar,Muy similar,Comparable
2023,27,2024,1,4.76,4.345,0.415,32.615,33.896,1.281,Muy similar,Muy similar,Comparable
2023,28,2024,2,4.545,4.821,0.276,32.632,33.881,1.249,Muy similar,Muy similar,Comparable
2023,29,2024,3,4.365,3.619,0.746,32.649,33.98,1.331,Muy similar,Muy similar,Comparable
2023,30,2024,4,4.118,3.963,0.155,32.643,33.947,1.304,Muy similar,Muy similar,Comparable
2023,31,2024,5,4.021,4.389,0.368,32.637,33.808,1.171,Muy similar,Muy similar,Comparable
2023,32,2024,6,3.922,3.516,0.406,32.644,33.811,1.167,Muy similar,Muy similar,Comparable
2023,33,2024,7,3.768,3.009,0.759,32.649,33.892,1.243,Muy similar,Muy similar,Comparable
2023,34,2024,8,3.746,3.371,0.375,32.644,33.958,1.314,Muy similar,Muy similar,Comparable
2023,35,2024,9,3.806,4.181,0.375,32.652,34.217,1.565,Muy similar,Muy similar,Comparable
2023,36,2024,10,3.793,4.764,0.971,32.662,34.341,1.679,Muy similar,Muy similar,Comparable
2023,37,2024,11,3.895,4.714,0.819,32.652,34.331,1.679,Muy similar,Muy similar,Comparable
2023,38,2024,12,3.897,4.538,0.641,32.69,34.301,1.611,Muy similar,Muy similar,Comparable
2023,39,2024,13,4.1,4.056,0.044,32.671,34.278,1.607,Muy similar,Muy similar,Comparable
2023,40,2024,14,4.237,3.817,0.42,32.647,34.339,1.692,Muy similar,Muy similar,Comparable
2023,41,2024,15,4.514,4.434,0.08,32.671,34.308,1.637,Muy similar,Muy similar,Comparable
2023,42,2024,16,4.925,4.699,0.226,32.664,34.318,1.654,Muy similar,Muy similar,Comparable
2023,43,2024,17,5.231,4.99,0.241,32.669,34.336,1.667,Muy similar,Muy similar,Comparable
2023,44,2024,18,5.337,5.744,0.407,32.7,34.233,1.533,Muy similar,Muy similar,Comparable
2023,45,2024,19,5.614,5.591,0.023,32.667,34.136,1.469,Muy similar,Muy similar,Comparable
2023,46,2024,20,6.04,6.154,0.114,32.687,33.799,1.112,Muy similar,Muy similar,Comparable
2023,47,2024,21,6.32,6.646,0.326,32.689,33.694,1.005,Muy similar,Muy similar,Comparable
2023,48,2024,22,6.921,9.205,2.284,32.701,33.481,0.78,Muy similar,Muy similar,Comparable
2023,49,2024,23,7.24,9.939,2.699,32.738,33.319,0.581,Muy similar,Muy similar,Comparable
2023,50,2024,24,7.602,10.499,2.897,32.737,33.399,0.662,Muy similar,Muy similar,Comparable
2023,51,2024,25,7.895,11.499,3.604,32.779,33.21,0.431,Diferente,Muy similar,No comparable / revisar
2023,52,2024,26,7.984,11.528,3.544,32.806,33.16,0.354,Diferente,Muy similar,No comparable / revisar
2024,1,2024,27,8.426,12.089,3.663,32.794,33.281,0.487,Diferente,Muy similar,No comparable / revisar
2024,2,2024,28,8.408,12.023,3.615,32.836,33.071,0.235,Diferente,Muy similar,No comparable / revisar
2024,3,2024,29,8.43,13.276,4.846,32.818,33.116,0.298,Diferente,Muy similar,No comparable / revisar
2024,4,2024,30,8.857,15.123,6.266,32.8,32.645,0.155,No comparable,Muy similar,No comparable / revisar
2024,5,2024,31,9.215,15.08,5.865,32.794,32.75,0.044,No comparable,Muy similar,No comparable / revisar
2024,6,2024,32,9.265,16.507,7.242,32.767,32.611,0.156,No comparable,Muy similar,No comparable / revisar
2024,7,2024,33,9.582,16.58,6.998,32.786,32.688,0.098,No comparable,Muy similar,No comparable / revisar
2024,8,2024,34,9.521,15.693,6.172,32.752,33.003,0.251,No comparable,Muy similar,No comparable / revisar
2024,9,2024,35,9.767,14.544,4.777,32.728,33.038,0.31,Diferente,Muy similar,No comparable / revisar
2024,10,2024,36,9.735,14.127,4.392,32.687,33.05,0.363,Diferente,Muy similar,No comparable / revisar
2024,11,2024,37,9.362,13.761,4.399,32.7,32.976,0.276,Diferente,Muy similar,No comparable / revisar
2024,12,2024,38,9.005,12.835,3.83,32.711,32.886,0.175,Diferente,Muy similar,No comparable / revisar
2024,13,2024,39,8.899,11.746,2.847,32.663,32.983,0.32,Muy similar,Muy similar,Comparable
2024,14,2024,40,8.514,11.111,2.597,32.63,33.077,0.447,Muy similar,Muy similar,Comparable
2024,15,2024,41,8.117,10.073,1.956,32.623,33.216,0.593,Muy similar,Muy similar,Comparable
2024,16,2024,42,8.032,10.183,2.151,32.522,33.09,0.568,Muy similar,Muy similar,Comparable
2024,17,2024,43,7.707,9.976,2.269,32.56,33.017,0.457,Muy similar,Muy similar,Comparable
2024,18,2024,44,7.183,8.822,1.639,32.573,33.019,0.446,Muy similar,Muy similar,Comparable
2024,19,2024,45,6.794,8.64,1.846,32.584,33.211,0.627,Muy similar,Muy similar,Comparable
2024,20,2024,46,6.635,8.35,1.715,32.616,33.168,0.552,Muy similar,Muy similar,Comparable
2024,21,2024,47,6.286,7.273,0.987,32.619,33.232,0.613,Muy similar,Muy similar,Comparable
2024,22,2024,48,5.989,7.14,1.151,32.61,33.351,0.741,Muy similar,Muy similar,Comparable
2024,23,2024,49,5.709,6.505,0.796,32.633,33.347,0.714,Muy similar,Muy similar,Comparable
2024,24,2024,50,5.356,6.193,0.837,32.641,33.372,0.731,Muy similar,Muy similar,Comparable
2024,25,2024,51,4.753,5.216,0.463,32.661,33.467,0.806,Muy similar,Muy similar,Comparable
2024,26,2024,52,4.546,5.141,0.595,32.651,33.53,0.879,Muy similar,Muy similar,Comparable
2024,27,2025,1,4.268,5.099,0.831,32.647,33.558,0.911,Muy similar,Muy similar,Comparable
