centro_chile,region_chile,centro_noruega,region_noruega,anio_chile,semana_chile,anio_noruega,semana_noruega,semana_noruega_equivalente,anio_noruega_equivalente,temperatura_chile_C,temperatura_noruega_C,dif_temperatura_C,salinidad_chile_PSU,salinidad_noruega_PSU,dif_salinidad_PSU,comparabilidad_temperatura,comparabilidad_salinidad,comparabilidad_general
102424_Semanal_2014_2024,Los Lagos,32677_Semanal_2014_2024,Centro,2014,1,2014,27,27,2014,14.942,12.006,2.936,33.137,32.303,0.834,Muy similar,Muy similar,Comparable
102424_Semanal_2014_2024,Los Lagos,32677_Semanal_2014_2024,Centro,2014,2,2014,28,28,2014,15.428,14.06,1.368,33.182,32.523,0.659,Muy similar,Muy similar,Comparable
102424_Semanal_2014_2024,Los Lagos,32677_Semanal_2014_2024,Centro,2014,3,2014,29,29,2014,16.371,15.54,0.831,33.24,32.473,0.767,Muy similar,Muy similar,Comparable
102424_Semanal_2014_2024,Los Lagos,32677_Semanal_2014_2024,Centro,2014,4,2014,30,30,2014,15.815,17.189,1.374,33.238,32.521,0.717,Muy similar,Muy similar,Comparable
102424_Semanal_2014_2024,Los Lagos,32677_Semanal_2014_2024,Centro,2014,5,2014,31,31,2014,15.504,16.487,0.983,33.246,32.675,0.571,Muy similar,Muy similar,Comparable
102424_Semanal_2014_2024,Los Lagos,32677_Semanal_2014_2024,Centro,2014,6,2014,32,32,2014,15.325,16.314,0.989,33.251,32.905,0.346,Muy similar,Muy similar,Comparable
102424_Semanal_2014_2024,Los Lagos,32677_Semanal_2014_2024,Centro,2014,7,2014,33,33,2014,15.613,15.637,0.024,33.28,32.905,0.375,Muy similar,Muy similar,Comparable
102424_Semanal_2014_2024,Los Lagos,32677_Semanal_2014_2024,Centro,2014,8,2014,34,34,2014,15.911,14.377,1.534,33.321,33.009,0.312,Muy similar,Muy similar,Comparable
102424_Semanal_2014_2024,Los Lagos,32677_Semanal_2014_2024,Centro,2014,9,2014,35,35,2014,15.515,14.329,1.186,33.396,33.037,0.359,Muy similar,Muy similar,Comparable
102424_Semanal_2014_2024,Los Lagos,32677_Semanal_2014_2024,Centro,2014,10,2014,36,36,2014,15.511,14.114,1.397,33.424,32.963,0.461,Muy similar,Muy similar,Comparable
102424_Semanal_2014_2024,Los Lagos,32677_Semanal_2014_2024,Centro,2014,11,2014,37,37,2014,14.904,14.083,0.821,33.427,32.879,0.548,Muy similar,Muy similar,Comparable
102424_Semanal_2014_2024,Los Lagos,32677_Semanal_2014_2024,Centro,2014,12,2014,38,38,2014,14.462,14.107,0.355,33.454,32.775,0.679,Muy similar,Muy similar,Comparable
102424_Semanal_2014_2024,Los Lagos,32677_Semanal_2014_2024,Centro,2014,13,2014,39,39,2014,14.181,13.462,0.719,33.484,32.66,0.824,Muy similar,Muy similar,Comparable
102424_Semanal_2014_2024,Los Lagos,32677_Semanal_2014_2024,Centro,2014,14,2014,40,40,2014,13.765,12.801,0.964,33.509,32.644,0.865,Muy similar,Muy similar,Comparable
102424_Semanal_2014_2024,Los Lagos,32677_Semanal_2014_2024,Centro,2014,15,2014,41,41,2014,13.538,12.268,1.27,33.513,32.671,0.842,Muy similar,Muy similar,Comparable
102424_Semanal_2014_2024,Los Lagos,32677_Semanal_2014_2024,Centro,2014,16,2014,42,42,2014,13.088,11.708,1.38,33.504,32.643,0.861,Muy similar,Muy similar,Comparable
102424_Semanal_2014_2024,Los Lagos,32677_Semanal_2014_2024,Centro,2014,17,2014,43,43,2014,12.885,11.794,1.091,33.499,32.726,0.773,Muy similar,Muy similar,Comparable
102424_Semanal_2014_2024,Los Lagos,32677_Semanal_2014_2024,Centro,2014,18,2014,44,44,2014,12.524,11.593,0.931,33.491,32.76,0.731,Muy similar,Muy similar,Comparable
102424_Semanal_2014_2024,Los Lagos,32677_Semanal_2014_2024,Centro,2014,19,2014,45,45,2014,12.172,10.938,1.234,33.434,32.865,0.569,Muy similar,Muy similar,Comparable
102424_Semanal_2014_2024,Los Lagos,32677_Semanal_2014_2024,Centro,2014,20,2014,46,46,2014,11.927,10.488,1.439,33.423,32.983,0.44,Muy similar,Muy similar,Comparable
102424_Semanal_2014_2024,Los Lagos,32677_Semanal_2014_2024,Centro,2014,21,2014,47,47,2014,11.676,10.153,1.523,33.383,33.092,0.291,Muy similar,Muy similar,Comparable
102424_Semanal_2014_2024,Los Lagos,32677_Semanal_2014_2024,Centro,2014,22,2014,48,48,2014,11.44,10.045,1.395,33.417,33.196,0.221,Muy similar,Muy similar,Comparable
102424_Semanal_2014_2024,Los Lagos,32677_Semanal_2014_2024,Centro,2014,23,2014,49,49,2014,10.908,9.894,1.014,33.157,33.203,0.046,Muy similar,Muy similar,Comparable
102424_Semanal_2014_2024,Los Lagos,32677_Semanal_2014_2024,Centro,2014,24,2014,50,50,2014,10.741,9.317,1.424,33.188,33.131,0.057,Muy similar,Muy similar,Comparable
102424_Semanal_2014_2024,Los Lagos,32677_Semanal_2014_2024,Centro,2014,25,2014,51,51,2014,10.477,8.607,1.87,32.921,33.236,0.315,Muy similar,Muy similar,Comparable
102424_Semanal_2014_2024,Los Lagos,32677_Semanal_2014_2024,Centro,2014,26,2014,52,52,2014,10.429,7.707,2.722,32.868,33.266,0.398,Muy similar,Muy similar,Comparable
102424_Semanal_2014_2024,Los Lagos,32677_Semanal_2014_2024,Centro,2014,27,2015,1,1,2015,10.27,7.634,2.636,32.78,33.597,0.817,Muy similar,Muy similar,Comparable
102424_Semanal_2014_2024,Los Lagos,32677_Semanal_2014_2024,Centro,2014,28,2015,2,2,2015,9.976,7.609,2.367,32.515,33.987,1.472,Muy similar,Muy similar,Comparable
102424_Semanal_2014_2024,Los Lagos,32677_Semanal_2014_2024,Centro,2014,29,2015,3,3,2015,10.005,7.194,2.811,32.471,34.072,1.601,Muy similar,Muy similar,Comparable
102424_Semanal_2014_2024,Los Lagos,32677_Semanal_2014_2024,Centro,2014,30,2015,4,4,2015,9.84,6.714,3.126,32.523,34.136,1.613,Diferente,Muy similar,No comparable / revisar
102424_Semanal_2014_2024,Los Lagos,32677_Semanal_2014_2024,Centro,2014,31,2015,5,5,2015,9.911,6.787,3.124,32.711,34.174,1.463,Diferente,Muy similar,No comparable / revisar
102424_Semanal_2014_2024,Los Lagos,32677_Semanal_2014_2024,Centro,2014,32,2015,6,6,2015,9.987,6.448,3.539,32.773,34.222,1.449,Diferente,Muy similar,No comparable / revisar
102424_Semanal_2014_2024,Los Lagos,32677_Semanal_2014_2024,Centro,2014,33,2015,7,7,2015,9.845,6.821,3.024,32.676,34.253,1.577,Diferente,Muy similar,No comparable / revisar
102424_Semanal_2014_2024,Los Lagos,32677_Semanal_2014_2024,Centro,2014,34,2015,8,8,2015,10.159,6.78,3.379,32.705,34.143,1.438,Diferente,Muy similar,No comparable / revisar
102424_Semanal_2014_2024,Los Lagos,32677_Semanal_2014_2024,Centro,2014,35,2015,9,9,2015,10.457,6.751,3.706,32.58,34.136,1.556,Diferente,Muy similar,No comparable / revisar
102424_Semanal_2014_2024,Los Lagos,32677_Semanal_2014_2024,Centro,2014,36,2015,10,10,2015,10.735,6.92,3.815,32.598,34.173,1.575,Diferente,Muy similar,No comparable / revisar
102424_Semanal_2014_2024,Los Lagos,32677_Semanal_2014_2024,Centro,2014,37,2015,11,11,2015,10.796,6.73,4.066,32.532,34.063,1.531,Diferente,Muy similar,No comparable / revisar
102424_Semanal_2014_2024,Los Lagos,32677_Semanal_2014_2024,Centro,2014,38,2015,12,12,2015,10.939,6.724,4.215,32.406,34.058,1.652,Diferente,Muy similar,No comparable / revisar
102424_Semanal_2014_2024,Los Lagos,32677_Semanal_2014_2024,Centro,2014,39,2015,13,13,2015,10.86,6.515,4.345,32.412,34.043,1.631,Diferente,Muy similar,No comparable / revisar
102424_Semanal_2014_2024,Los Lagos,32677_Semanal_2014_2024,Centro,2014,40,2015,14,14,2015,11.246,6.516,4.73,32.304,34.061,1.757,Diferente,Muy similar,No comparable / revisar
102424_Semanal_2014_2024,Los Lagos,32677_Semanal_2014_2024,Centro,2014,41,2015,15,15,2015,11.428,6.488,4.94,32.495,33.984,1.489,Diferente,Muy similar,No comparable / revisar
102424_Semanal_2014_2024,Los Lagos,32677_Semanal_2014_2024,Centro,2014,42,2015,16,16,2015,11.579,6.573,5.006,32.658,33.921,1.263,No comparable,Muy similar,No comparable / revisar
102424_Semanal_2014_2024,Los Lagos,32677_Semanal_2014_2024,Centro,2014,43,2015,17,17,2015,12.018,6.825,5.193,32.596,33.889,1.293,No comparable,Muy similar,No comparable / revisar
102424_Semanal_2014_2024,Los Lagos,32677_Semanal_2014_2024,Centro,2014,44,2015,18,18,2015,12.214,7.172,5.042,32.649,33.933,1.284,No comparable,Muy similar,No comparable / revisar
102424_Semanal_2014_2024,Los Lagos,32677_Semanal_2014_2024,Centro,2014,45,2015,19,19,2015,12.218,7.676,4.542,32.711,33.917,1.206,Diferente,Muy similar,No comparable / revisar
102424_Semanal_2014_2024,Los Lagos,32677_Semanal_2014_2024,Centro,2014,46,2015,20,20,2015,12.745,7.997,4.748,32.775,33.905,1.13,Diferente,Muy similar,No comparable / revisar
102424_Semanal_2014_2024,Los Lagos,32677_Semanal_2014_2024,Centro,2014,47,2015,21,21,2015,13.507,8.524,4.983,32.812,33.782,0.97,Diferente,Muy similar,No comparable / revisar
102424_Semanal_2014_2024,Los Lagos,32677_Semanal_2014_2024,Centro,2014,48,2015,22,22,2015,13.962,9.081,4.881,32.854,33.599,0.745,Diferente,Muy similar,No comparable / revisar
102424_Semanal_2014_2024,Los Lagos,32677_Semanal_2014_2024,Centro,2014,49,2015,23,23,2015,14.845,9.165,5.68,32.901,33.49,0.589,No comparable,Muy similar,No comparable / revisar
102424_Semanal_2014_2024,Los Lagos,32677_Semanal_2014_2024,Centro,2014,50,2015,24,24,2015,14.863,9.104,5.759,32.994,33.463,0.469,No comparable,Muy similar,No comparable / revisar
102424_Semanal_2014_2024,Los Lagos,32677_Semanal_2014_2024,Centro,2014,51,2015,25,25,2015,14.669,9.528,5.141,33.122,33.488,0.366,No comparable,Muy similar,No comparable / revisar
102424_Semanal_2014_2024,Los Lagos,32677_Semanal_2014_2024,Centro,2014,52,2015,26,26,2015,14.237,10.499,3.738,33.121,33.407,0.286,Diferente,Muy similar,No comparable / revisar
102424_Semanal_2014_2024,Los Lagos,32677_Semanal_2014_2024,Centro,2015,1,2015,27,27,2015,14.511,11.471,3.04,33.083,33.309,0.226,Diferente,Muy similar,No comparable / revisar
102424_Semanal_2014_2024,Los Lagos,32677_Semanal_2014_2024,Centro,2015,2,2015,28,28,2015,14.717,11.565,3.152,33.141,32.83,0.311,Diferente,Muy similar,No comparable / revisar
102424_Semanal_2014_2024,Los Lagos,32677_Semanal_2014_2024,Centro,2015,3,2015,29,29,2015,14.721,12.381,2.34,33.168,32.937,0.231,Muy similar,Muy similar,Comparable
102424_Semanal_2014_2024,Los Lagos,32677_Semanal_2014_2024,Centro,2015,4,2015,30,30,2015,15.564,13.178,2.386,33.19,33.052,0.138,Muy similar,Muy similar,Comparable
102424_Semanal_2014_2024,Los Lagos,32677_Semanal_2014_2024,Centro,2015,5,2015,31,31,2015,16.194,13.199,2.995,33.182,33.09,0.092,Muy similar,Muy similar,Comparable
102424_Semanal_2014_2024,Los Lagos,32677_Semanal_2014_2024,Centro,2015,6,2015,32,32,2015,16.373,13.435,2.938,33.204,33.028,0.176,Muy similar,Muy similar,Comparable
102424_Semanal_2014_2024,Los Lagos,32677_Semanal_2014_2024,Centro,2015,7,2015,33,33,2015,15.489,13.783,1.706,33.247,32.724,0.523,Muy similar,Muy similar,Comparable
102424_Semanal_2014_2024,Los Lagos,32677_Semanal_2014_2024,Centro,2015,8,2015,34,34,2015,14.848,15.019,0.171,33.325,32.656,0.669,Muy similar,Muy similar,Comparable
102424_Semanal_2014_2024,Los Lagos,32677_Semanal_2014_2024,Centro,2015,9,2015,35,35,2015,14.552,15.105,0.553,33.392,32.522,0.87,Muy similar,Muy similar,Comparable
102424_Semanal_2014_2024,Los Lagos,32677_Semanal_2014_2024,Centro,2015,10,2015,36,36,2015,14.667,14.374,0.293,33.385,32.454,0.931,Muy similar,Muy similar,Comparable
102424_Semanal_2014_2024,Los Lagos,32677_Semanal_2014_2024,Centro,2015,11,2015,37,37,2015,14.969,13.962,1.007,33.363,32.506,0.857,Muy similar,Muy similar,Comparable
102424_Semanal_2014_2024,Los Lagos,32677_Semanal_2014_2024,Centro,2015,12,2015,38,38,2015,14.697,13.969,0.728,33.354,32.437,0.917,Muy similar,Muy similar,Comparable
102424_Semanal_2014_2024,Los Lagos,32677_Semanal_2014_2024,Centro,2015,13,2015,39,39,2015,14.603,13.526,1.077,33.401,32.486,0.915,Muy similar,Muy similar,Comparable
102424_Semanal_2014_2024,Los Lagos,32677_Semanal_2014_2024,Centro,2015,14,2015,40,40,2015,14.197,13.128,1.069,33.406,32.507,0.899,Muy similar,Muy similar,Comparable
102424_Semanal_2014_2024,Los Lagos,32677_Semanal_2014_2024,Centro,2015,15,2015,41,41,2015,14.069,12.518,1.551,33.391,32.531,0.86,Muy similar,Muy similar,Comparable
102424_Semanal_2014_2024,Los Lagos,32677_Semanal_2014_2024,Centro,2015,16,2015,42,42,2015,13.917,12.146,1.771,33.372,32.395,0.977,Muy similar,Muy similar,Comparable
102424_Semanal_2014_2024,Los Lagos,32677_Semanal_2014_2024,Centro,2015,17,2015,43,43,2015,13.569,11.906,1.663,33.373,32.256,1.117,Muy similar,Muy similar,Comparable
102424_Semanal_2014_2024,Los Lagos,32677_Semanal_2014_2024,Centro,2015,18,2015,44,44,2015,13.381,11.459,1.922,33.375,32.094,1.281,Muy similar,Muy similar,Comparable
102424_Semanal_2014_2024,Los Lagos,32677_Semanal_2014_2024,Centro,2015,19,2015,45,45,2015,12.945,11.27,1.675,33.39,32.018,1.372,Muy similar,Muy similar,Comparable
102424_Semanal_2014_2024,Los Lagos,32677_Semanal_2014_2024,Centro,2015,20,2015,46,46,2015,12.724,10.752,1.972,33.332,32.391,0.941,Muy similar,Muy similar,Comparable
102424_Semanal_2014_2024,Los Lagos,32677_Semanal_2014_2024,Centro,2015,21,2015,47,47,2015,12.305,9.875,2.43,33.284,32.46,0.824,Muy similar,Muy similar,Comparable
102424_Semanal_2014_2024,Los Lagos,32677_Semanal_2014_2024,Centro,2015,22,2015,48,48,2015,11.896,9.285,2.611,33.221,32.618,0.603,Muy similar,Muy similar,Comparable
102424_Semanal_2014_2024,Los Lagos,32677_Semanal_2014_2024,Centro,2015,23,2015,49,49,2015,11.806,8.936,2.87,33.076,33.047,0.029,Muy similar,Muy similar,Comparable
102424_Semanal_2014_2024,Los Lagos,32677_Semanal_2014_2024,Centro,2015,24,2015,50,50,2015,11.484,8.904,2.58,32.955,33.482,0.527,Muy similar,Muy similar,Comparable
102424_Semanal_2014_2024,Los Lagos,32677_Semanal_2014_2024,Centro,2015,25,2015,51,51,2015,11.174,8.635,2.539,33.0,33.426,0.426,Muy similar,Muy similar,Comparable
102424_Semanal_2014_2024,Los Lagos,32677_Semanal_2014_2024,Centro,2015,26,2015,52,52,2015,11.004,8.462,2.542,32.991,33.241,0.25,Muy similar,Muy similar,Comparable
102424_Semanal_2014_2024,Los Lagos,32677_Semanal_2014_2024,Centro,2015,27,2016,1,1,2016,10.909,7.005,3.904,33.011,33.404,0.393,Diferente,Muy similar,No comparable / revisar
102424_Semanal_2014_2024,Los Lagos,32677_Semanal_2014_2024,Centro,2015,28,2016,2,2,2016,10.803,5.993,4.81,33.002,33.413,0.411,Diferente,Muy similar,No comparable / revisar
102424_Semanal_2014_2024,Los Lagos,32677_Semanal_2014_2024,Centro,2015,29,2016,3,3,2016,10.585,5.729,4.856,33.015,33.485,0.47,Diferente,Muy similar,No comparable / revisar
102424_Semanal_2014_2024,Los Lagos,32677_Semanal_2014_2024,Centro,2015,30,2016,4,4,2016,10.459,6.69,3.769,32.845,33.853,1.008,Diferente,Muy similar,No comparable / revisar
102424_Semanal_2014_2024,Los Lagos,32677_Semanal_2014_2024,Centro,2015,31,2016,5,5,2016,10.528,6.679,3.849,32.706,34.01,1.304,Diferente,Muy similar,No comparable / revisar
102424_Semanal_2014_2024,Los Lagos,32677_Semanal_2014_2024,Centro,2015,32,2016,6,6,2016,10.458,6.43,4.028,32.708,34.042,1.334,Diferente,Muy similar,No comparable / revisar
102424_Semanal_2014_2024,Los Lagos,32677_Semanal_2014_2024,Centro,2015,33,2016,7,7,2016,10.32,6.197,4.123,32.614,34.093,1.479,Diferente,Muy similar,No comparable / revisar
102424_Semanal_2014_2024,Los Lagos,32677_Semanal_2014_2024,Centro,2015,34,2016,8,8,2016,10.371,6.349,4.022,32.66,34.28,1.62,Diferente,Muy similar,No comparable / revisar
102424_Semanal_2014_2024,Los Lagos,32677_Semanal_2014_2024,Centro,2015,35,2016,9,9,2016,10.496,6.076,4.42,32.718,34.262,1.544,Diferente,Muy similar,No comparable / revisar
102424_Semanal_2014_2024,Los Lagos,32677_Semanal_2014_2024,Centro,2015,36,2016,10,10,2016,10.516,6.027,4.489,32.669,34.236,1.567,Diferente,Muy similar,No comparable / revisar
102424_Semanal_2014_2024,Los Lagos,32677_Semanal_2014_2024,Centro,2015,37,2016,11,11,2016,10.307,6.301,4.006,32.654,34.22,1.566,Diferente,Muy similar,No comparable / revisar
102424_Semanal_2014_2024,Los Lagos,32677_Semanal_2014_2024,Centro,2015,38,2016,12,12,2016,10.109,6.222,3.887,32.762,34.219,1.457,Diferente,Muy similar,No comparable / revisar
102424_Semanal_2014_2024,Los Lagos,32677_Semanal_2014_2024,Centro,2015,39,2016,13,13,2016,10.539,6.395,4.144,32.83,34.162,1.332,Diferente,Muy similar,No comparable / revisar
102424_Semanal_2014_2024,Los Lagos,32677_Semanal_2014_2024,Centro,2015,40,2016,14,14,2016,10.669,6.632,4.037,32.792,34.187,1.395,Diferente,Muy similar,No comparable / revisar
102424_Semanal_2014_2024,Los Lagos,32677_Semanal_2014_2024,Centro,2015,41,2016,15,15,2016,10.889,6.726,4.163,32.754,34.209,1.455,Diferente,Muy similar,No comparable / revisar
102424_Semanal_2014_2024,Los Lagos,32677_Semanal_2014_2024,Centro,2015,42,2016,16,16,2016,11.311,6.731,4.58,32.695,34.264,1.569,Diferente,Muy similar,No comparable / revisar
102424_Semanal_2014_2024,Los Lagos,32677_Semanal_2014_2024,Centro,2015,43,2016,17,17,2016,11.688,6.941,4.747,32.673,34.316,1.643,Diferente,Muy similar,No comparable / revisar
102424_Semanal_2014_2024,Los Lagos,32677_Semanal_2014_2024,Centro,2015,44,2016,18,18,2016,11.938,7.346,4.592,32.729,34.11,1.381,Diferente,Muy similar,No comparable / revisar
102424_Semanal_2014_2024,Los Lagos,32677_Semanal_2014_2024,Centro,2015,45,2016,19,19,2016,12.042,7.811,4.231,32.872,34.066,1.194,Diferente,Muy similar,No comparable / revisar
102424_Semanal_2014_2024,Los Lagos,32677_Semanal_2014_2024,Centro,2015,46,2016,20,20,2016,12.88,7.987,4.893,32.936,34.015,1.079,Diferente,Muy similar,No comparable / revisar
102424_Semanal_2014_2024,Los Lagos,32677_Semanal_2014_2024,Centro,2015,47,2016,21,21,2016,13.027,9.046,3.981,32.873,33.948,1.075,Diferente,Muy similar,No comparable / revisar
102424_Semanal_2014_2024,Los Lagos,32677_Semanal_2014_2024,Centro,2015,48,2016,22,22,2016,13.758,9.715,4.043,32.847,33.447,0.6,Diferente,Muy similar,No comparable / revisar
102424_Semanal_2014_2024,Los Lagos,32677_Semanal_2014_2024,Centro,2015,49,2016,23,23,2016,14.445,9.996,4.449,32.866,32.974,0.108,Diferente,Muy similar,No comparable / revisar
102424_Semanal_2014_2024,Los Lagos,32677_Semanal_2014_2024,Centro,2015,50,2016,24,24,2016,14.096,10.061,4.035,32.939,32.713,0.226,Diferente,Muy similar,No comparable / revisar
102424_Semanal_2014_2024,Los Lagos,32677_Semanal_2014_2024,Centro,2015,51,2016,25,25,2016,14.35,10.349,4.001,32.964,32.757,0.207,Diferente,Muy similar,No comparable / revisar
102424_Semanal_2014_2024,Los Lagos,32677_Semanal_2014_2024,Centro,2015,52,2016,26,26,2016,14.745,11.342,3.403,32.972,33.104,0.132,Diferente,Muy similar,No comparable / revisar
102424_Semanal_2014_2024,Los Lagos,32677_Semanal_2014_2024,Centro,2015,53,2016,27,27,2016,16.089,12.066,4.023,32.962,33.51,0.548,Diferente,Muy similar,No comparable / revisar
102424_Semanal_2014_2024,Los Lagos,32677_Semanal_2014_2024,Centro,2016,1,2016,27,27,2016,15.842,12.066,3.776,33.016,33.51,0.494,Diferente,Muy similar,No comparable / revisar
102424_Semanal_2014_2024,Los Lagos,32677_Semanal_2014_2024,Centro,2016,2,2016,28,28,2016,15.826,13.136,2.69,33.064,33.626,0.562,Muy similar,Muy similar,Comparable
102424_Semanal_2014_2024,Los Lagos,32677_Semanal_2014_2024,Centro,2016,3,2016,29,29,2016,16.684,14.152,2.532,33.073,33.603,0.53,Muy similar,Muy similar,Comparable
102424_Semanal_2014_2024,Los Lagos,32677_Semanal_2014_2024,Centro,2016,4,2016,30,30,2016,16.854,14.992,1.862,33.072,33.473,0.401,Muy similar,Muy similar,Comparable
102424_Semanal_2014_2024,Los Lagos,32677_Semanal_2014_2024,Centro,2016,5,2016,31,31,2016,17.039,15.184,1.855,33.108,33.077,0.031,Muy similar,Muy similar,Comparable
102424_Semanal_2014_2024,Los Lagos,32677_Semanal_2014_2024,Centro,2016,6,2016,32,32,2016,16.728,14.29,2.438,33.143,32.484,0.659,Muy similar,Muy similar,Comparable
102424_Semanal_2014_2024,Los Lagos,32677_Semanal_2014_2024,Centro,2016,7,2016,33,33,2016,16.466,14.586,1.88,33.154,32.255,0.899,Muy similar,Muy similar,Comparable
102424_Semanal_2014_2024,Los Lagos,32677_Semanal_2014_2024,Centro,2016,8,2016,34,34,2016,16.312,14.85,1.462,33.172,32.148,1.024,Muy similar,Muy similar,Comparable
102424_Semanal_2014_2024,Los Lagos,32677_Semanal_2014_2024,Centro,2016,9,2016,35,35,2016,15.93,14.134,1.796,33.206,32.107,1.099,Muy similar,Muy similar,Comparable
102424_Semanal_2014_2024,Los Lagos,32677_Semanal_2014_2024,Centro,2016,10,2016,36,36,2016,15.311,13.831,1.48,33.244,32.0,1.244,Muy similar,Muy similar,Comparable
102424_Semanal_2014_2024,Los Lagos,32677_Semanal_2014_2024,Centro,2016,11,2016,37,37,2016,14.718,13.894,0.824,33.286,32.103,1.183,Muy similar,Muy similar,Comparable
102424_Semanal_2014_2024,Los Lagos,32677_Semanal_2014_2024,Centro,2016,12,2016,38,38,2016,14.256,14.47,0.214,33.319,32.394,0.925,Muy similar,Muy similar,Comparable
102424_Semanal_2014_2024,Los Lagos,32677_Semanal_2014_2024,Centro,2016,13,2016,39,39,2016,14.259,14.496,0.237,33.299,32.608,0.691,Muy similar,Muy similar,Comparable
102424_Semanal_2014_2024,Los Lagos,32677_Semanal_2014_2024,Centro,2016,14,2016,40,40,2016,13.944,13.7,0.244,33.313,32.639,0.674,Muy similar,Muy similar,Comparable
102424_Semanal_2014_2024,Los Lagos,32677_Semanal_2014_2024,Centro,2016,15,2016,41,41,2016,13.467,12.933,0.534,33.342,32.422,0.92,Muy similar,Muy similar,Comparable
102424_Semanal_2014_2024,Los Lagos,32677_Semanal_2014_2024,Centro,2016,16,2016,42,42,2016,12.897,12.399,0.498,33.342,32.437,0.905,Muy similar,Muy similar,Comparable
102424_Semanal_2014_2024,Los Lagos,32677_Semanal_2014_2024,Centro,2016,17,2016,43,43,2016,12.644,12.035,0.609,33.324,32.283,1.041,Muy similar,Muy similar,Comparable
102424_Semanal_2014_2024,Los Lagos,32677_Semanal_2014_2024,Centro,2016,18,2016,44,44,2016,12.591,11.506,1.085,33.296,32.256,1.04,Muy similar,Muy similar,Comparable
102424_Semanal_2014_2024,Los Lagos,32677_Semanal_2014_2024,Centro,2016,19,2016,45,45,2016,12.593,9.906,2.687,33.256,32.403,0.853,Muy similar,Muy similar,Comparable
102424_Semanal_2014_2024,Los Lagos,32677_Semanal_2014_2024,Centro,2016,20,2016,46,46,2016,12.489,9.662,2.827,33.179,32.786,0.393,Muy similar,Muy similar,Comparable
102424_Semanal_2014_2024,Los Lagos,32677_Semanal_2014_2024,Centro,2016,21,2016,47,47,2016,12.194,9.098,3.096,33.04,32.852,0.188,Diferente,Muy similar,No comparable / revisar
102424_Semanal_2014_2024,Los Lagos,32677_Semanal_2014_2024,Centro,2016,22,2016,48,48,2016,11.727,8.33,3.397,32.621,32.943,0.322,Diferente,Muy similar,No comparable / revisar
102424_Semanal_2014_2024,Los Lagos,32677_Semanal_2014_2024,Centro,2016,23,2016,49,49,2016,11.645,7.946,3.699,32.75,33.019,0.269,Diferente,Muy similar,No comparable / revisar
102424_Semanal_2014_2024,Los Lagos,32677_Semanal_2014_2024,Centro,2016,24,2016,50,50,2016,11.52,7.654,3.866,32.856,33.32,0.464,Diferente,Muy similar,No comparable / revisar
102424_Semanal_2014_2024,Los Lagos,32677_Semanal_2014_2024,Centro,2016,25,2016,51,51,2016,11.311,7.989,3.322,32.906,33.729,0.823,Diferente,Muy similar,No comparable / revisar
102424_Semanal_2014_2024,Los Lagos,32677_Semanal_2014_2024,Centro,2016,26,2016,52,52,2016,11.229,7.755,3.474,32.886,33.596,0.71,Diferente,Muy similar,No comparable / revisar
102424_Semanal_2014_2024,Los Lagos,32677_Semanal_2014_2024,Centro,2016,27,2017,1,1,2017,11.105,7.354,3.751,32.914,33.696,0.782,Diferente,Muy similar,No comparable / revisar
102424_Semanal_2014_2024,Los Lagos,32677_Semanal_2014_2024,Centro,2016,28,2017,2,2,2017,11.019,7.363,3.656,32.879,33.951,1.072,Diferente,Muy similar,No comparable / revisar
102424_Semanal_2014_2024,Los Lagos,32677_Semanal_2014_2024,Centro,2016,29,2017,3,3,2017,10.894,7.103,3.791,32.809,34.013,1.204,Diferente,Muy similar,No comparable / revisar
102424_Semanal_2014_2024,Los Lagos,32677_Semanal_2014_2024,Centro,2016,30,2017,4,4,2017,10.631,7.192,3.439,32.586,34.05,1.464,Diferente,Muy similar,No comparable / revisar
102424_Semanal_2014_2024,Los Lagos,32677_Semanal_2014_2024,Centro,2016,31,2017,5,5,2017,10.712,6.977,3.735,32.406,34.088,1.682,Diferente,Muy similar,No comparable / revisar
102424_Semanal_2014_2024,Los Lagos,32677_Semanal_2014_2024,Centro,2016,32,2017,6,6,2017,10.761,6.489,4.272,32.088,34.174,2.086,Diferente,Muy similar,No comparable / revisar
102424_Semanal_2014_2024,Los Lagos,32677_Semanal_2014_2024,Centro,2016,33,2017,7,7,2017,10.607,6.599,4.008,31.939,34.234,2.295,Diferente,Muy similar,No comparable / revisar
102424_Semanal_2014_2024,Los Lagos,32677_Semanal_2014_2024,Centro,2016,34,2017,8,8,2017,10.616,6.334,4.282,31.987,34.292,2.305,Diferente,Muy similar,No comparable / revisar
102424_Semanal_2014_2024,Los Lagos,32677_Semanal_2014_2024,Centro,2016,35,2017,9,9,2017,10.52,6.006,4.514,32.145,34.292,2.147,Diferente,Muy similar,No comparable / revisar
102424_Semanal_2014_2024,Los Lagos,32677_Semanal_2014_2024,Centro,2016,36,2017,10,10,2017,10.731,5.675,5.056,32.177,34.282,2.105,No comparable,Muy similar,No comparable / revisar
102424_Semanal_2014_2024,Los Lagos,32677_Semanal_2014_2024,Centro,2016,37,2017,11,11,2017,10.838,6.11,4.728,32.258,34.275,2.017,Diferente,Muy similar,No comparable / revisar
102424_Semanal_2014_2024,Los Lagos,32677_Semanal_2014_2024,Centro,2016,38,2017,12,12,2017,11.296,6.151,5.145,32.302,34.31,2.008,No comparable,Muy similar,No comparable / revisar
102424_Semanal_2014_2024,Los Lagos,32677_Semanal_2014_2024,Centro,2016,39,2017,13,13,2017,11.675,6.589,5.086,32.383,34.477,2.094,No comparable,Muy similar,No comparable / revisar
102424_Semanal_2014_2024,Los Lagos,32677_Semanal_2014_2024,Centro,2016,40,2017,14,14,2017,11.831,6.718,5.113,32.401,34.434,2.033,No comparable,Muy similar,No comparable / revisar
102424_Semanal_2014_2024,Los Lagos,32677_Semanal_2014_2024,Centro,2016,41,2017,15,15,2017,11.618,6.827,4.791,32.493,34.452,1.959,Diferente,Muy similar,No comparable / revisar
102424_Semanal_2014_2024,Los Lagos,32677_Semanal_2014_2024,Centro,2016,42,2017,16,16,2017,12.342,6.874,5.468,32.413,34.404,1.991,No comparable,Muy similar,No comparable / revisar
102424_Semanal_2014_2024,Los Lagos,32677_Semanal_2014_2024,Centro,2016,43,2017,17,17,2017,13.33,6.988,6.342,32.427,34.434,2.007,No comparable,Muy similar,No comparable / revisar
102424_Semanal_2014_2024,Los Lagos,32677_Semanal_2014_2024,Centro,2016,44,2017,18,18,2017,12.921,7.526,5.395,32.564,34.375,1.811,No comparable,Muy similar,No comparable / revisar
102424_Semanal_2014_2024,Los Lagos,32677_Semanal_2014_2024,Centro,2016,45,2017,19,19,2017,13.132,7.464,5.668,32.579,34.197,1.618,No comparable,Muy similar,No comparable / revisar
102424_Semanal_2014_2024,Los Lagos,32677_Semanal_2014_2024,Centro,2016,46,2017,20,20,2017,13.129,8.453,4.676,32.662,34.128,1.466,Diferente,Muy similar,No comparable / revisar
102424_Semanal_2014_2024,Los Lagos,32677_Semanal_2014_2024,Centro,2016,47,2017,21,21,2017,14.353,9.308,5.045,32.733,33.982,1.249,No comparable,Muy similar,No comparable / revisar
102424_Semanal_2014_2024,Los Lagos,32677_Semanal_2014_2024,Centro,2016,48,2017,22,22,2017,15.18,9.26,5.92,32.762,33.968,1.206,No comparable,Muy similar,No comparable / revisar
102424_Semanal_2014_2024,Los Lagos,32677_Semanal_2014_2024,Centro,2016,49,2017,23,23,2017,15.314,10.381,4.933,32.754,33.939,1.185,Diferente,Muy similar,No comparable / revisar
102424_Semanal_2014_2024,Los Lagos,32677_Semanal_2014_2024,Centro,2016,50,2017,24,24,2017,15.049,11.723,3.326,32.792,33.799,1.007,Diferente,Muy similar,No comparable / revisar
102424_Semanal_2014_2024,Los Lagos,32677_Semanal_2014_2024,Centro,2016,51,2017,25,25,2017,15.404,11.536,3.868,32.797,33.748,0.951,Diferente,Muy similar,No comparable / revisar
102424_Semanal_2014_2024,Los Lagos,32677_Semanal_2014_2024,Centro,2016,52,2017,26,26,2017,15.973,11.779,4.194,32.805,33.747,0.942,Diferente,Muy similar,No comparable / revisar
102424_Semanal_2014_2024,Los Lagos,32677_Semanal_2014_2024,Centro,2017,1,2017,27,27,2017,15.962,12.602,3.36,32.835,33.688,0.853,Diferente,Muy similar,No comparable / revisar
102424_Semanal_2014_2024,Los Lagos,32677_Semanal_2014_2024,Centro,2017,2,2017,28,28,2017,15.946,13.266,2.68,32.864,33.596,0.732,Muy similar,Muy similar,Comparable
102424_Semanal_2014_2024,Los Lagos,32677_Semanal_2014_2024,Centro,2017,3,2017,29,29,2017,16.418,13.647,2.771,32.877,33.552,0.675,Muy similar,Muy similar,Comparable
102424_Semanal_2014_2024,Los Lagos,32677_Semanal_2014_2024,Centro,2017,4,2017,30,30,2017,17.403,15.118,2.285,32.88,33.38,0.5,Muy similar,Muy similar,Comparable
102424_Semanal_2014_2024,Los Lagos,32677_Semanal_2014_2024,Centro,2017,5,2017,31,31,2017,17.081,15.52,1.561,32.871,33.285,0.414,Muy similar,Muy similar,Comparable
102424_Semanal_2014_2024,Los Lagos,32677_Semanal_2014_2024,Centro,2017,6,2017,32,32,2017,17.02,15.118,1.902,32.858,33.098,0.24,Muy similar,Muy similar,Comparable
102424_Semanal_2014_2024,Los Lagos,32677_Semanal_2014_2024,Centro,2017,7,2017,33,33,2017,17.151,14.785,2.366,32.866,32.658,0.208,Muy similar,Muy similar,Comparable
102424_Semanal_2014_2024,Los Lagos,32677_Semanal_2014_2024,Centro,2017,8,2017,34,34,2017,16.763,14.776,1.987,32.88,32.573,0.307,Muy similar,Muy similar,Comparable
102424_Semanal_2014_2024,Los Lagos,32677_Semanal_2014_2024,Centro,2017,9,2017,35,35,2017,16.55,14.457,2.093,32.892,32.479,0.413,Muy similar,Muy similar,Comparable
102424_Semanal_2014_2024,Los Lagos,32677_Semanal_2014_2024,Centro,2017,10,2017,36,36,2017,16.201,14.444,1.757,32.88,32.407,0.473,Muy similar,Muy similar,Comparable
102424_Semanal_2014_2024,Los Lagos,32677_Semanal_2014_2024,Centro,2017,11,2017,37,37,2017,16.077,14.507,1.57,32.882,32.264,0.618,Muy similar,Muy similar,Comparable
102424_Semanal_2014_2024,Los Lagos,32677_Semanal_2014_2024,Centro,2017,12,2017,38,38,2017,16.083,14.144,1.939,32.881,32.139,0.742,Muy similar,Muy similar,Comparable
102424_Semanal_2014_2024,Los Lagos,32677_Semanal_2014_2024,Centro,2017,13,2017,39,39,2017,16.0,13.983,2.017,32.851,31.806,1.045,Muy similar,Muy similar,Comparable
102424_Semanal_2014_2024,Los Lagos,32677_Semanal_2014_2024,Centro,2017,14,2017,40,40,2017,15.415,13.595,1.82,32.86,32.025,0.835,Muy similar,Muy similar,Comparable
102424_Semanal_2014_2024,Los Lagos,32677_Semanal_2014_2024,Centro,2017,15,2017,41,41,2017,14.817,13.09,1.727,32.914,32.158,0.756,Muy similar,Muy similar,Comparable
102424_Semanal_2014_2024,Los Lagos,32677_Semanal_2014_2024,Centro,2017,16,2017,42,42,2017,14.599,12.402,2.197,32.904,32.523,0.381,Muy similar,Muy similar,Comparable
102424_Semanal_2014_2024,Los Lagos,32677_Semanal_2014_2024,Centro,2017,17,2017,43,43,2017,14.188,11.505,2.683,32.895,32.488,0.407,Muy similar,Muy similar,Comparable
102424_Semanal_2014_2024,Los Lagos,32677_Semanal_2014_2024,Centro,2017,18,2017,44,44,2017,13.85,10.613,3.237,32.884,32.745,0.139,Diferente,Muy similar,No comparable / revisar
102424_Semanal_2014_2024,Los Lagos,32677_Semanal_2014_2024,Centro,2017,19,2017,45,45,2017,13.514,10.277,3.237,32.835,32.925,0.09,Diferente,Muy similar,No comparable / revisar
102424_Semanal_2014_2024,Los Lagos,32677_Semanal_2014_2024,Centro,2017,20,2017,46,46,2017,13.062,9.638,3.424,32.745,33.092,0.347,Diferente,Muy similar,No comparable / revisar
102424_Semanal_2014_2024,Los Lagos,32677_Semanal_2014_2024,Centro,2017,21,2017,47,47,2017,12.488,9.23,3.258,32.693,33.095,0.402,Diferente,Muy similar,No comparable / revisar
102424_Semanal_2014_2024,Los Lagos,32677_Semanal_2014_2024,Centro,2017,22,2017,48,48,2017,12.272,8.805,3.467,32.584,33.188,0.604,Diferente,Muy similar,No comparable / revisar
102424_Semanal_2014_2024,Los Lagos,32677_Semanal_2014_2024,Centro,2017,23,2017,49,49,2017,12.02,8.257,3.763,32.678,33.26,0.582,Diferente,Muy similar,No comparable / revisar
102424_Semanal_2014_2024,Los Lagos,32677_Semanal_2014_2024,Centro,2017,24,2017,50,50,2017,11.615,7.537,4.078,32.725,33.165,0.44,Diferente,Muy similar,No comparable / revisar
102424_Semanal_2014_2024,Los Lagos,32677_Semanal_2014_2024,Centro,2017,25,2017,51,51,2017,11.216,7.227,3.989,32.736,33.255,0.519,Diferente,Muy similar,No comparable / revisar
102424_Semanal_2014_2024,Los Lagos,32677_Semanal_2014_2024,Centro,2017,26,2017,52,52,2017,10.927,6.825,4.102,32.659,33.413,0.754,Diferente,Muy similar,No comparable / revisar
102424_Semanal_2014_2024,Los Lagos,32677_Semanal_2014_2024,Centro,2017,27,2018,1,1,2018,10.822,6.386,4.436,32.713,33.394,0.681,Diferente,Muy similar,No comparable / revisar
102424_Semanal_2014_2024,Los Lagos,32677_Semanal_2014_2024,Centro,2017,28,2018,2,2,2018,10.486,6.103,4.383,32.634,33.477,0.843,Diferente,Muy similar,No comparable / revisar
102424_Semanal_2014_2024,Los Lagos,32677_Semanal_2014_2024,Centro,2017,29,2018,3,3,2018,10.161,6.297,3.864,32.394,33.753,1.359,Diferente,Muy similar,No comparable / revisar
102424_Semanal_2014_2024,Los Lagos,32677_Semanal_2014_2024,Centro,2017,30,2018,4,4,2018,10.243,6.256,3.987,32.546,33.821,1.275,Diferente,Muy similar,No comparable / revisar
102424_Semanal_2014_2024,Los Lagos,32677_Semanal_2014_2024,Centro,2017,31,2018,5,5,2018,10.209,6.104,4.105,32.578,33.899,1.321,Diferente,Muy similar,No comparable / revisar
102424_Semanal_2014_2024,Los Lagos,32677_Semanal_2014_2024,Centro,2017,32,2018,6,6,2018,10.355,6.067,4.288,32.715,33.957,1.242,Diferente,Muy similar,No comparable / revisar
102424_Semanal_2014_2024,Los Lagos,32677_Semanal_2014_2024,Centro,2017,33,2018,7,7,2018,10.28,6.072,4.208,32.729,33.926,1.197,Diferente,Muy similar,No comparable / revisar
102424_Semanal_2014_2024,Los Lagos,32677_Semanal_2014_2024,Centro,2017,34,2018,8,8,2018,10.18,5.938,4.242,32.839,33.857,1.018,Diferente,Muy similar,No comparable / revisar
102424_Semanal_2014_2024,Los Lagos,32677_Semanal_2014_2024,Centro,2017,35,2018,9,9,2018,10.117,5.592,4.525,32.798,33.889,1.091,Diferente,Muy similar,No comparable / revisar
102424_Semanal_2014_2024,Los Lagos,32677_Semanal_2014_2024,Centro,2017,36,2018,10,10,2018,10.057,5.333,4.724,32.662,33.878,1.216,Diferente,Muy similar,No comparable / revisar
102424_Semanal_2014_2024,Los Lagos,32677_Semanal_2014_2024,Centro,2017,37,2018,11,11,2018,10.109,5.322,4.787,32.43,33.881,1.451,Diferente,Muy similar,No comparable / revisar
102424_Semanal_2014_2024,Los Lagos,32677_Semanal_2014_2024,Centro,2017,38,2018,12,12,2018,10.375,5.128,5.247,32.454,33.747,1.293,No comparable,Muy similar,No comparable / revisar
102424_Semanal_2014_2024,Los Lagos,32677_Semanal_2014_2024,Centro,2017,39,2018,13,13,2018,10.583,5.118,5.465,32.558,33.657,1.099,No comparable,Muy similar,No comparable / revisar
102424_Semanal_2014_2024,Los Lagos,32677_Semanal_2014_2024,Centro,2017,40,2018,14,14,2018,10.609,5.035,5.574,32.612,33.454,0.842,No comparable,Muy similar,No comparable / revisar
102424_Semanal_2014_2024,Los Lagos,32677_Semanal_2014_2024,Centro,2017,41,2018,15,15,2018,10.992,5.34,5.652,32.597,33.255,0.658,No comparable,Muy similar,No comparable / revisar
102424_Semanal_2014_2024,Los Lagos,32677_Semanal_2014_2024,Centro,2017,42,2018,16,16,2018,11.455,5.808,5.647,32.631,32.75,0.119,No comparable,Muy similar,No comparable / revisar
102424_Semanal_2014_2024,Los Lagos,32677_Semanal_2014_2024,Centro,2017,43,2018,17,17,2018,11.671,6.236,5.435,32.632,32.598,0.034,No comparable,Muy similar,No comparable / revisar
102424_Semanal_2014_2024,Los Lagos,32677_Semanal_2014_2024,Centro,2017,44,2018,18,18,2018,12.063,6.721,5.342,32.518,32.559,0.041,No comparable,Muy similar,No comparable / revisar
102424_Semanal_2014_2024,Los Lagos,32677_Semanal_2014_2024,Centro,2017,45,2018,19,19,2018,12.926,8.045,4.881,32.342,32.68,0.338,Diferente,Muy similar,No comparable / revisar
102424_Semanal_2014_2024,Los Lagos,32677_Semanal_2014_2024,Centro,2017,46,2018,20,20,2018,13.082,9.298,3.784,32.349,32.675,0.326,Diferente,Muy similar,No comparable / revisar
102424_Semanal_2014_2024,Los Lagos,32677_Semanal_2014_2024,Centro,2017,47,2018,21,21,2018,12.613,9.621,2.992,32.501,32.616,0.115,Muy similar,Muy similar,Comparable
102424_Semanal_2014_2024,Los Lagos,32677_Semanal_2014_2024,Centro,2017,48,2018,22,22,2018,13.15,10.738,2.412,32.636,32.575,0.061,Muy similar,Muy similar,Comparable
102424_Semanal_2014_2024,Los Lagos,32677_Semanal_2014_2024,Centro,2017,49,2018,23,23,2018,13.676,10.439,3.237,32.691,32.446,0.245,Diferente,Muy similar,No comparable / revisar
102424_Semanal_2014_2024,Los Lagos,32677_Semanal_2014_2024,Centro,2017,50,2018,24,24,2018,14.531,10.591,3.94,32.669,32.485,0.184,Diferente,Muy similar,No comparable / revisar
102424_Semanal_2014_2024,Los Lagos,32677_Semanal_2014_2024,Centro,2017,51,2018,25,25,2018,14.813,10.373,4.44,32.655,32.946,0.291,Diferente,Muy similar,No comparable / revisar
102424_Semanal_2014_2024,Los Lagos,32677_Semanal_2014_2024,Centro,2017,52,2018,26,26,2018,15.106,10.585,4.521,32.659,32.961,0.302,Diferente,Muy similar,No comparable / revisar
102424_Semanal_2014_2024,Los Lagos,32677_Semanal_2014_2024,Centro,2018,1,2018,27,27,2018,15.105,11.652,3.453,32.67,32.851,0.181,Diferente,Muy similar,No comparable / revisar
102424_Semanal_2014_2024,Los Lagos,32677_Semanal_2014_2024,Centro,2018,2,2018,28,28,2018,15.464,12.597,2.867,32.679,32.555,0.124,Muy similar,Muy similar,Comparable
102424_Semanal_2014_2024,Los Lagos,32677_Semanal_2014_2024,Centro,2018,3,2018,29,29,2018,15.573,14.337,1.236,32.713,32.532,0.181,Muy similar,Muy similar,Comparable
102424_Semanal_2014_2024,Los Lagos,32677_Semanal_2014_2024,Centro,2018,4,2018,30,30,2018,15.591,14.949,0.642,32.772,32.662,0.11,Muy similar,Muy similar,Comparable
102424_Semanal_2014_2024,Los Lagos,32677_Semanal_2014_2024,Centro,2018,5,2018,31,31,2018,15.906,16.06,0.154,32.809,32.441,0.368,Muy similar,Muy similar,Comparable
102424_Semanal_2014_2024,Los Lagos,32677_Semanal_2014_2024,Centro,2018,6,2018,32,32,2018,16.34,15.514,0.826,32.824,32.763,0.061,Muy similar,Muy similar,Comparable
102424_Semanal_2014_2024,Los Lagos,32677_Semanal_2014_2024,Centro,2018,7,2018,33,33,2018,16.195,14.88,1.315,32.841,33.102,0.261,Muy similar,Muy similar,Comparable
102424_Semanal_2014_2024,Los Lagos,32677_Semanal_2014_2024,Centro,2018,8,2018,34,34,2018,16.458,13.797,2.661,32.789,33.604,0.815,Muy similar,Muy similar,Comparable
102424_Semanal_2014_2024,Los Lagos,32677_Semanal_2014_2024,Centro,2018,9,2018,35,35,2018,16.739,13.826,2.913,32.766,33.586,0.82,Muy similar,Muy similar,Comparable
102424_Semanal_2014_2024,Los Lagos,32677_Semanal_2014_2024,Centro,2018,10,2018,36,36,2018,16.549,14.156,2.393,32.756,33.531,0.775,Muy similar,Muy similar,Comparable
102424_Semanal_2014_2024,Los Lagos,32677_Semanal_2014_2024,Centro,2018,11,2018,37,37,2018,15.506,14.065,1.441,32.776,33.36,0.584,Muy similar,Muy similar,Comparable
102424_Semanal_2014_2024,Los Lagos,32677_Semanal_2014_2024,Centro,2018,12,2018,38,38,2018,14.775,13.855,0.92,32.804,33.057,0.253,Muy similar,Muy similar,Comparable
102424_Semanal_2014_2024,Los Lagos,32677_Semanal_2014_2024,Centro,2018,13,2018,39,39,2018,14.485,12.719,1.766,32.838,32.984,0.146,Muy similar,Muy similar,Comparable
102424_Semanal_2014_2024,Los Lagos,32677_Semanal_2014_2024,Centro,2018,14,2018,40,40,2018,14.059,11.625,2.434,32.878,33.125,0.247,Muy similar,Muy similar,Comparable
102424_Semanal_2014_2024,Los Lagos,32677_Semanal_2014_2024,Centro,2018,15,2018,41,41,2018,13.509,10.96,2.549,32.935,33.095,0.16,Muy similar,Muy similar,Comparable
102424_Semanal_2014_2024,Los Lagos,32677_Semanal_2014_2024,Centro,2018,16,2018,42,42,2018,13.304,10.71,2.594,32.985,33.236,0.251,Muy similar,Muy similar,Comparable
102424_Semanal_2014_2024,Los Lagos,32677_Semanal_2014_2024,Centro,2018,17,2018,43,43,2018,13.032,10.163,2.869,33.027,33.347,0.32,Muy similar,Muy similar,Comparable
102424_Semanal_2014_2024,Los Lagos,32677_Semanal_2014_2024,Centro,2018,18,2018,44,44,2018,12.713,9.587,3.126,33.034,33.227,0.193,Diferente,Muy similar,No comparable / revisar
102424_Semanal_2014_2024,Los Lagos,32677_Semanal_2014_2024,Centro,2018,19,2018,45,45,2018,12.71,9.741,2.969,32.984,33.068,0.084,Muy similar,Muy similar,Comparable
102424_Semanal_2014_2024,Los Lagos,32677_Semanal_2014_2024,Centro,2018,20,2018,46,46,2018,12.496,9.706,2.79,32.924,32.876,0.048,Muy similar,Muy similar,Comparable
102424_Semanal_2014_2024,Los Lagos,32677_Semanal_2014_2024,Centro,2018,21,2018,47,47,2018,12.209,9.408,2.801,32.871,32.855,0.016,Muy similar,Muy similar,Comparable
102424_Semanal_2014_2024,Los Lagos,32677_Semanal_2014_2024,Centro,2018,22,2018,48,48,2018,11.627,8.924,2.703,32.827,32.797,0.03,Muy similar,Muy similar,Comparable
102424_Semanal_2014_2024,Los Lagos,32677_Semanal_2014_2024,Centro,2018,23,2018,49,49,2018,11.267,8.711,2.556,32.833,32.987,0.154,Muy similar,Muy similar,Comparable
102424_Semanal_2014_2024,Los Lagos,32677_Semanal_2014_2024,Centro,2018,24,2018,50,50,2018,10.915,7.913,3.002,32.842,32.859,0.017,Diferente,Muy similar,No comparable / revisar
102424_Semanal_2014_2024,Los Lagos,32677_Semanal_2014_2024,Centro,2018,25,2018,51,51,2018,10.535,7.191,3.344,32.891,33.139,0.248,Diferente,Muy similar,No comparable / revisar
102424_Semanal_2014_2024,Los Lagos,32677_Semanal_2014_2024,Centro,2018,26,2018,52,52,2018,10.242,7.205,3.037,32.932,33.637,0.705,Diferente,Muy similar,No comparable / revisar
102424_Semanal_2014_2024,Los Lagos,32677_Semanal_2014_2024,Centro,2018,27,2019,1,1,2019,9.992,7.175,2.817,32.782,33.935,1.153,Muy similar,Muy similar,Comparable
102424_Semanal_2014_2024,Los Lagos,32677_Semanal_2014_2024,Centro,2018,28,2019,2,2,2019,9.991,6.805,3.186,32.573,34.028,1.455,Diferente,Muy similar,No comparable / revisar
102424_Semanal_2014_2024,Los Lagos,32677_Semanal_2014_2024,Centro,2018,29,2019,3,3,2019,9.578,6.083,3.495,32.185,34.171,1.986,Diferente,Muy similar,No comparable / revisar
102424_Semanal_2014_2024,Los Lagos,32677_Semanal_2014_2024,Centro,2018,30,2019,4,4,2019,9.433,5.53,3.903,32.166,34.118,1.952,Diferente,Muy similar,No comparable / revisar
102424_Semanal_2014_2024,Los Lagos,32677_Semanal_2014_2024,Centro,2018,31,2019,5,5,2019,9.406,5.468,3.938,32.481,34.291,1.81,Diferente,Muy similar,No comparable / revisar
102424_Semanal_2014_2024,Los Lagos,32677_Semanal_2014_2024,Centro,2018,32,2019,6,6,2019,9.592,5.466,4.126,32.578,34.39,1.812,Diferente,Muy similar,No comparable / revisar
102424_Semanal_2014_2024,Los Lagos,32677_Semanal_2014_2024,Centro,2018,33,2019,7,7,2019,9.717,5.545,4.172,32.591,34.208,1.617,Diferente,Muy similar,No comparable / revisar
102424_Semanal_2014_2024,Los Lagos,32677_Semanal_2014_2024,Centro,2018,34,2019,8,8,2019,9.728,5.543,4.185,32.373,34.003,1.63,Diferente,Muy similar,No comparable / revisar
102424_Semanal_2014_2024,Los Lagos,32677_Semanal_2014_2024,Centro,2018,35,2019,9,9,2019,9.802,5.888,3.914,32.237,33.928,1.691,Diferente,Muy similar,No comparable / revisar
102424_Semanal_2014_2024,Los Lagos,32677_Semanal_2014_2024,Centro,2018,36,2019,10,10,2019,9.953,5.528,4.425,32.368,34.053,1.685,Diferente,Muy similar,No comparable / revisar
102424_Semanal_2014_2024,Los Lagos,32677_Semanal_2014_2024,Centro,2018,37,2019,11,11,2019,10.187,5.019,5.168,32.423,34.084,1.661,No comparable,Muy similar,No comparable / revisar
102424_Semanal_2014_2024,Los Lagos,32677_Semanal_2014_2024,Centro,2018,38,2019,12,12,2019,10.425,5.254,5.171,32.465,34.08,1.615,No comparable,Muy similar,No comparable / revisar
102424_Semanal_2014_2024,Los Lagos,32677_Semanal_2014_2024,Centro,2018,39,2019,13,13,2019,10.663,5.761,4.902,32.352,34.18,1.828,Diferente,Muy similar,No comparable / revisar
102424_Semanal_2014_2024,Los Lagos,32677_Semanal_2014_2024,Centro,2018,40,2019,14,14,2019,10.658,5.935,4.723,32.22,34.24,2.02,Diferente,Muy similar,No comparable / revisar
102424_Semanal_2014_2024,Los Lagos,32677_Semanal_2014_2024,Centro,2018,41,2019,15,15,2019,10.799,5.874,4.925,32.245,34.255,2.01,Diferente,Muy similar,No comparable / revisar
102424_Semanal_2014_2024,Los Lagos,32677_Semanal_2014_2024,Centro,2018,42,2019,16,16,2019,11.179,6.467,4.712,32.355,34.189,1.834,Diferente,Muy similar,No comparable / revisar
102424_Semanal_2014_2024,Los Lagos,32677_Semanal_2014_2024,Centro,2018,43,2019,17,17,2019,11.927,7.629,4.298,32.39,34.168,1.778,Diferente,Muy similar,No comparable / revisar
102424_Semanal_2014_2024,Los Lagos,32677_Semanal_2014_2024,Centro,2018,44,2019,18,18,2019,12.149,7.994,4.155,32.443,34.174,1.731,Diferente,Muy similar,No comparable / revisar
102424_Semanal_2014_2024,Los Lagos,32677_Semanal_2014_2024,Centro,2018,45,2019,19,19,2019,12.603,7.512,5.091,32.473,34.199,1.726,No comparable,Muy similar,No comparable / revisar
102424_Semanal_2014_2024,Los Lagos,32677_Semanal_2014_2024,Centro,2018,46,2019,20,20,2019,13.206,8.151,5.055,32.454,34.155,1.701,No comparable,Muy similar,No comparable / revisar
102424_Semanal_2014_2024,Los Lagos,32677_Semanal_2014_2024,Centro,2018,47,2019,21,21,2019,13.129,9.426,3.703,32.507,34.066,1.559,Diferente,Muy similar,No comparable / revisar
102424_Semanal_2014_2024,Los Lagos,32677_Semanal_2014_2024,Centro,2018,48,2019,22,22,2019,13.831,9.029,4.802,32.447,33.965,1.518,Diferente,Muy similar,No comparable / revisar
102424_Semanal_2014_2024,Los Lagos,32677_Semanal_2014_2024,Centro,2018,49,2019,23,23,2019,14.154,9.985,4.169,32.508,33.705,1.197,Diferente,Muy similar,No comparable / revisar
102424_Semanal_2014_2024,Los Lagos,32677_Semanal_2014_2024,Centro,2018,50,2019,24,24,2019,14.435,10.807,3.628,32.523,33.644,1.121,Diferente,Muy similar,No comparable / revisar
102424_Semanal_2014_2024,Los Lagos,32677_Semanal_2014_2024,Centro,2018,51,2019,25,25,2019,14.759,11.996,2.763,32.549,33.452,0.903,Muy similar,Muy similar,Comparable
102424_Semanal_2014_2024,Los Lagos,32677_Semanal_2014_2024,Centro,2018,52,2019,26,26,2019,15.351,11.676,3.675,32.487,33.527,1.04,Diferente,Muy similar,No comparable / revisar
102424_Semanal_2014_2024,Los Lagos,32677_Semanal_2014_2024,Centro,2019,1,2019,27,27,2019,15.137,11.971,3.166,32.444,33.499,1.055,Diferente,Muy similar,No comparable / revisar
102424_Semanal_2014_2024,Los Lagos,32677_Semanal_2014_2024,Centro,2019,2,2019,28,28,2019,15.123,13.156,1.967,32.339,33.185,0.846,Muy similar,Muy similar,Comparable
102424_Semanal_2014_2024,Los Lagos,32677_Semanal_2014_2024,Centro,2019,3,2019,29,29,2019,15.464,14.244,1.22,32.272,32.823,0.551,Muy similar,Muy similar,Comparable
102424_Semanal_2014_2024,Los Lagos,32677_Semanal_2014_2024,Centro,2019,4,2019,30,30,2019,15.564,15.955,0.391,32.268,33.021,0.753,Muy similar,Muy similar,Comparable
102424_Semanal_2014_2024,Los Lagos,32677_Semanal_2014_2024,Centro,2019,5,2019,31,31,2019,15.484,17.279,1.795,32.297,33.071,0.774,Muy similar,Muy similar,Comparable
102424_Semanal_2014_2024,Los Lagos,32677_Semanal_2014_2024,Centro,2019,6,2019,32,32,2019,16.417,15.528,0.889,32.278,33.104,0.826,Muy similar,Muy similar,Comparable
102424_Semanal_2014_2024,Los Lagos,32677_Semanal_2014_2024,Centro,2019,7,2019,33,33,2019,15.764,15.053,0.711,32.27,32.973,0.703,Muy similar,Muy similar,Comparable
102424_Semanal_2014_2024,Los Lagos,32677_Semanal_2014_2024,Centro,2019,8,2019,34,34,2019,15.661,14.946,0.715,32.226,32.847,0.621,Muy similar,Muy similar,Comparable
102424_Semanal_2014_2024,Los Lagos,32677_Semanal_2014_2024,Centro,2019,9,2019,35,35,2019,14.905,15.306,0.401,32.352,32.538,0.186,Muy similar,Muy similar,Comparable
102424_Semanal_2014_2024,Los Lagos,32677_Semanal_2014_2024,Centro,2019,10,2019,36,36,2019,14.597,14.766,0.169,32.176,32.303,0.127,Muy similar,Muy similar,Comparable
102424_Semanal_2014_2024,Los Lagos,32677_Semanal_2014_2024,Centro,2019,11,2019,37,37,2019,14.839,14.243,0.596,32.257,32.062,0.195,Muy similar,Muy similar,Comparable
102424_Semanal_2014_2024,Los Lagos,32677_Semanal_2014_2024,Centro,2019,12,2019,38,38,2019,14.198,13.458,0.74,32.238,31.978,0.26,Muy similar,Muy similar,Comparable
102424_Semanal_2014_2024,Los Lagos,32677_Semanal_2014_2024,Centro,2019,13,2019,39,39,2019,14.077,13.794,0.283,32.285,31.962,0.323,Muy similar,Muy similar,Comparable
102424_Semanal_2014_2024,Los Lagos,32677_Semanal_2014_2024,Centro,2019,14,2019,40,40,2019,13.676,13.084,0.592,32.298,31.893,0.405,Muy similar,Muy similar,Comparable
102424_Semanal_2014_2024,Los Lagos,32677_Semanal_2014_2024,Centro,2019,15,2019,41,41,2019,13.407,11.664,1.743,32.345,31.729,0.616,Muy similar,Muy similar,Comparable
102424_Semanal_2014_2024,Los Lagos,32677_Semanal_2014_2024,Centro,2019,16,2019,42,42,2019,12.613,10.865,1.748,32.373,31.884,0.489,Muy similar,Muy similar,Comparable
102424_Semanal_2014_2024,Los Lagos,32677_Semanal_2014_2024,Centro,2019,17,2019,43,43,2019,12.354,10.842,1.512,32.341,32.373,0.032,Muy similar,Muy similar,Comparable
102424_Semanal_2014_2024,Los Lagos,32677_Semanal_2014_2024,Centro,2019,18,2019,44,44,2019,11.78,10.144,1.636,32.032,32.627,0.595,Muy similar,Muy similar,Comparable
102424_Semanal_2014_2024,Los Lagos,32677_Semanal_2014_2024,Centro,2019,19,2019,45,45,2019,11.488,8.906,2.582,32.09,32.69,0.6,Muy similar,Muy similar,Comparable
102424_Semanal_2014_2024,Los Lagos,32677_Semanal_2014_2024,Centro,2019,20,2019,46,46,2019,11.38,7.911,3.469,32.068,32.694,0.626,Diferente,Muy similar,No comparable / revisar
102424_Semanal_2014_2024,Los Lagos,32677_Semanal_2014_2024,Centro,2019,21,2019,47,47,2019,10.887,8.303,2.584,31.889,33.04,1.151,Muy similar,Muy similar,Comparable
102424_Semanal_2014_2024,Los Lagos,32677_Semanal_2014_2024,Centro,2019,22,2019,48,48,2019,10.47,7.971,2.499,31.718,33.128,1.41,Muy similar,Muy similar,Comparable
102424_Semanal_2014_2024,Los Lagos,32677_Semanal_2014_2024,Centro,2019,23,2019,49,49,2019,10.56,7.641,2.919,31.537,33.213,1.676,Muy similar,Muy similar,Comparable
102424_Semanal_2014_2024,Los Lagos,32677_Semanal_2014_2024,Centro,2019,24,2019,50,50,2019,10.2,7.155,3.045,31.475,33.282,1.807,Diferente,Muy similar,No comparable / revisar
102424_Semanal_2014_2024,Los Lagos,32677_Semanal_2014_2024,Centro,2019,25,2019,51,51,2019,10.066,7.083,2.983,31.665,33.345,1.68,Muy similar,Muy similar,Comparable
102424_Semanal_2014_2024,Los Lagos,32677_Semanal_2014_2024,Centro,2019,26,2019,52,52,2019,9.825,7.127,2.698,31.501,33.378,1.877,Muy similar,Muy similar,Comparable
102424_Semanal_2014_2024,Los Lagos,32677_Semanal_2014_2024,Centro,2019,27,2020,1,1,2020,9.435,7.298,2.137,31.428,33.417,1.989,Muy similar,Muy similar,Comparable
102424_Semanal_2014_2024,Los Lagos,32677_Semanal_2014_2024,Centro,2019,28,2020,2,2,2020,9.621,7.094,2.527,31.527,33.498,1.971,Muy similar,Muy similar,Comparable
102424_Semanal_2014_2024,Los Lagos,32677_Semanal_2014_2024,Centro,2019,29,2020,3,3,2020,9.556,7.092,2.464,31.482,33.58,2.098,Muy similar,Muy similar,Comparable
102424_Semanal_2014_2024,Los Lagos,32677_Semanal_2014_2024,Centro,2019,30,2020,4,4,2020,9.248,7.266,1.982,31.51,33.578,2.068,Muy similar,Muy similar,Comparable
102424_Semanal_2014_2024,Los Lagos,32677_Semanal_2014_2024,Centro,2019,31,2020,5,5,2020,9.264,6.93,2.334,31.488,33.609,2.121,Muy similar,Muy similar,Comparable
102424_Semanal_2014_2024,Los Lagos,32677_Semanal_2014_2024,Centro,2019,32,2020,6,6,2020,9.195,6.586,2.609,31.576,33.569,1.993,Muy similar,Muy similar,Comparable
102424_Semanal_2014_2024,Los Lagos,32677_Semanal_2014_2024,Centro,2019,33,2020,7,7,2020,9.25,6.347,2.903,31.606,33.525,1.919,Muy similar,Muy similar,Comparable
102424_Semanal_2014_2024,Los Lagos,32677_Semanal_2014_2024,Centro,2019,34,2020,8,8,2020,9.433,6.195,3.238,31.63,33.424,1.794,Diferente,Muy similar,No comparable / revisar
102424_Semanal_2014_2024,Los Lagos,32677_Semanal_2014_2024,Centro,2019,35,2020,9,9,2020,9.431,5.714,3.717,31.523,33.379,1.856,Diferente,Muy similar,No comparable / revisar
102424_Semanal_2014_2024,Los Lagos,32677_Semanal_2014_2024,Centro,2019,36,2020,10,10,2020,9.423,5.253,4.17,31.623,33.439,1.816,Diferente,Muy similar,No comparable / revisar
102424_Semanal_2014_2024,Los Lagos,32677_Semanal_2014_2024,Centro,2019,37,2020,11,11,2020,9.513,5.253,4.26,31.579,33.354,1.775,Diferente,Muy similar,No comparable / revisar
102424_Semanal_2014_2024,Los Lagos,32677_Semanal_2014_2024,Centro,2019,38,2020,12,12,2020,9.458,5.411,4.047,31.487,33.503,2.016,Diferente,Muy similar,No comparable / revisar
102424_Semanal_2014_2024,Los Lagos,32677_Semanal_2014_2024,Centro,2019,39,2020,13,13,2020,9.95,5.654,4.296,31.496,33.557,2.061,Diferente,Muy similar,No comparable / revisar
102424_Semanal_2014_2024,Los Lagos,32677_Semanal_2014_2024,Centro,2019,40,2020,14,14,2020,10.121,5.665,4.456,31.443,33.665,2.222,Diferente,Muy similar,No comparable / revisar
102424_Semanal_2014_2024,Los Lagos,32677_Semanal_2014_2024,Centro,2019,41,2020,15,15,2020,10.356,5.824,4.532,31.264,33.618,2.354,Diferente,Muy similar,No comparable / revisar
102424_Semanal_2014_2024,Los Lagos,32677_Semanal_2014_2024,Centro,2019,42,2020,16,16,2020,10.998,5.801,5.197,31.311,33.624,2.313,No comparable,Muy similar,No comparable / revisar
102424_Semanal_2014_2024,Los Lagos,32677_Semanal_2014_2024,Centro,2019,43,2020,17,17,2020,11.393,6.376,5.017,31.385,33.571,2.186,No comparable,Muy similar,No comparable / revisar
102424_Semanal_2014_2024,Los Lagos,32677_Semanal_2014_2024,Centro,2019,44,2020,18,18,2020,11.421,6.57,4.851,31.299,33.436,2.137,Diferente,Muy similar,No comparable / revisar
102424_Semanal_2014_2024,Los Lagos,32677_Semanal_2014_2024,Centro,2019,45,2020,19,19,2020,11.661,6.642,5.019,31.237,33.493,2.256,No comparable,Muy similar,No comparable / revisar
102424_Semanal_2014_2024,Los Lagos,32677_Semanal_2014_2024,Centro,2019,46,2020,20,20,2020,12.946,6.659,6.287,31.284,33.577,2.293,No comparable,Muy similar,No comparable / revisar
102424_Semanal_2014_2024,Los Lagos,32677_Semanal_2014_2024,Centro,2019,47,2020,21,21,2020,13.247,7.64,5.607,31.246,33.546,2.3,No comparable,Muy similar,No comparable / revisar
102424_Semanal_2014_2024,Los Lagos,32677_Semanal_2014_2024,Centro,2019,48,2020,22,22,2020,13.124,8.705,4.419,31.094,33.462,2.368,Diferente,Muy similar,No comparable / revisar
102424_Semanal_2014_2024,Los Lagos,32677_Semanal_2014_2024,Centro,2019,49,2020,23,23,2020,13.66,9.986,3.674,31.143,33.421,2.278,Diferente,Muy similar,No comparable / revisar
102424_Semanal_2014_2024,Los Lagos,32677_Semanal_2014_2024,Centro,2019,50,2020,24,24,2020,13.946,10.328,3.618,31.359,33.147,1.788,Diferente,Muy similar,No comparable / revisar
102424_Semanal_2014_2024,Los Lagos,32677_Semanal_2014_2024,Centro,2019,51,2020,25,25,2020,14.685,12.645,2.04,31.24,32.915,1.675,Muy similar,Muy similar,Comparable
102424_Semanal_2014_2024,Los Lagos,32677_Semanal_2014_2024,Centro,2019,52,2020,26,26,2020,14.858,13.966,0.892,31.091,32.685,1.594,Muy similar,Muy similar,Comparable
102424_Semanal_2014_2024,Los Lagos,32677_Semanal_2014_2024,Centro,2020,1,2020,27,27,2020,15.65,13.308,2.342,31.243,32.95,1.707,Muy similar,Muy similar,Comparable
102424_Semanal_2014_2024,Los Lagos,32677_Semanal_2014_2024,Centro,2020,2,2020,28,28,2020,15.121,12.611,2.51,31.269,33.343,2.074,Muy similar,Muy similar,Comparable
102424_Semanal_2014_2024,Los Lagos,32677_Semanal_2014_2024,Centro,2020,3,2020,29,29,2020,15.316,13.744,1.572,31.211,33.556,2.345,Muy similar,Muy similar,Comparable
102424_Semanal_2014_2024,Los Lagos,32677_Semanal_2014_2024,Centro,2020,4,2020,30,30,2020,15.334,13.723,1.611,31.426,33.495,2.069,Muy similar,Muy similar,Comparable
102424_Semanal_2014_2024,Los Lagos,32677_Semanal_2014_2024,Centro,2020,5,2020,31,31,2020,15.381,14.647,0.734,31.422,33.386,1.964,Muy similar,Muy similar,Comparable
102424_Semanal_2014_2024,Los Lagos,32677_Semanal_2014_2024,Centro,2020,6,2020,32,32,2020,15.509,14.942,0.567,31.388,33.031,1.643,Muy similar,Muy similar,Comparable
102424_Semanal_2014_2024,Los Lagos,32677_Semanal_2014_2024,Centro,2020,7,2020,33,33,2020,16.09,15.261,0.829,31.388,32.339,0.951,Muy similar,Muy similar,Comparable
102424_Semanal_2014_2024,Los Lagos,32677_Semanal_2014_2024,Centro,2020,8,2020,34,34,2020,15.645,15.188,0.457,31.451,31.77,0.319,Muy similar,Muy similar,Comparable
102424_Semanal_2014_2024,Los Lagos,32677_Semanal_2014_2024,Centro,2020,9,2020,35,35,2020,15.638,14.527,1.111,31.598,31.59,0.008,Muy similar,Muy similar,Comparable
102424_Semanal_2014_2024,Los Lagos,32677_Semanal_2014_2024,Centro,2020,10,2020,36,36,2020,15.768,14.446,1.322,31.812,31.663,0.149,Muy similar,Muy similar,Comparable
102424_Semanal_2014_2024,Los Lagos,32677_Semanal_2014_2024,Centro,2020,11,2020,37,37,2020,15.121,13.961,1.16,31.738,32.153,0.415,Muy similar,Muy similar,Comparable
102424_Semanal_2014_2024,Los Lagos,32677_Semanal_2014_2024,Centro,2020,12,2020,38,38,2020,14.91,13.095,1.815,31.747,32.425,0.678,Muy similar,Muy similar,Comparable
102424_Semanal_2014_2024,Los Lagos,32677_Semanal_2014_2024,Centro,2020,13,2020,39,39,2020,14.76,12.338,2.422,31.922,32.646,0.724,Muy similar,Muy similar,Comparable
102424_Semanal_2014_2024,Los Lagos,32677_Semanal_2014_2024,Centro,2020,14,2020,40,40,2020,14.502,12.13,2.372,31.866,32.374,0.508,Muy similar,Muy similar,Comparable
102424_Semanal_2014_2024,Los Lagos,32677_Semanal_2014_2024,Centro,2020,15,2020,41,41,2020,13.946,11.805,2.141,31.923,32.47,0.547,Muy similar,Muy similar,Comparable
102424_Semanal_2014_2024,Los Lagos,32677_Semanal_2014_2024,Centro,2020,16,2020,42,42,2020,13.417,10.851,2.566,31.935,32.743,0.808,Muy similar,Muy similar,Comparable
102424_Semanal_2014_2024,Los Lagos,32677_Semanal_2014_2024,Centro,2020,17,2020,43,43,2020,13.049,9.854,3.195,31.924,32.772,0.848,Diferente,Muy similar,No comparable / revisar
102424_Semanal_2014_2024,Los Lagos,32677_Semanal_2014_2024,Centro,2020,18,2020,44,44,2020,12.791,9.742,3.049,31.83,32.475,0.645,Diferente,Muy similar,No comparable / revisar
102424_Semanal_2014_2024,Los Lagos,32677_Semanal_2014_2024,Centro,2020,19,2020,45,45,2020,12.594,10.257,2.337,31.671,32.766,1.095,Muy similar,Muy similar,Comparable
102424_Semanal_2014_2024,Los Lagos,32677_Semanal_2014_2024,Centro,2020,20,2020,46,46,2020,12.375,10.483,1.892,31.279,33.037,1.758,Muy similar,Muy similar,Comparable
102424_Semanal_2014_2024,Los Lagos,32677_Semanal_2014_2024,Centro,2020,21,2020,47,47,2020,12.075,10.151,1.924,31.064,33.194,2.13,Muy similar,Muy similar,Comparable
102424_Semanal_2014_2024,Los Lagos,32677_Semanal_2014_2024,Centro,2020,22,2020,48,48,2020,11.706,9.762,1.944,31.211,33.214,2.003,Muy similar,Muy similar,Comparable
102424_Semanal_2014_2024,Los Lagos,32677_Semanal_2014_2024,Centro,2020,23,2020,49,49,2020,11.369,9.196,2.173,31.548,32.985,1.437,Muy similar,Muy similar,Comparable
102424_Semanal_2014_2024,Los Lagos,32677_Semanal_2014_2024,Centro,2020,24,2020,50,50,2020,10.989,8.611,2.378,31.47,32.955,1.485,Muy similar,Muy similar,Comparable
102424_Semanal_2014_2024,Los Lagos,32677_Semanal_2014_2024,Centro,2020,25,2020,51,51,2020,10.634,8.496,2.138,31.384,32.875,1.491,Muy similar,Muy similar,Comparable
102424_Semanal_2014_2024,Los Lagos,32677_Semanal_2014_2024,Centro,2020,26,2020,52,52,2020,10.374,8.05,2.324,31.301,32.848,1.547,Muy similar,Muy similar,Comparable
102424_Semanal_2014_2024,Los Lagos,32677_Semanal_2014_2024,Centro,2020,27,2021,1,1,2021,10.005,6.697,3.308,31.32,33.066,1.746,Diferente,Muy similar,No comparable / revisar
102424_Semanal_2014_2024,Los Lagos,32677_Semanal_2014_2024,Centro,2020,28,2021,2,2,2021,9.804,6.142,3.662,31.218,33.288,2.07,Diferente,Muy similar,No comparable / revisar
102424_Semanal_2014_2024,Los Lagos,32677_Semanal_2014_2024,Centro,2020,29,2021,3,3,2021,9.654,5.568,4.086,31.093,33.355,2.262,Diferente,Muy similar,No comparable / revisar
102424_Semanal_2014_2024,Los Lagos,32677_Semanal_2014_2024,Centro,2020,30,2021,4,4,2021,9.54,5.814,3.726,31.043,33.673,2.63,Diferente,Muy similar,No comparable / revisar
102424_Semanal_2014_2024,Los Lagos,32677_Semanal_2014_2024,Centro,2020,31,2021,5,5,2021,9.364,5.387,3.977,31.002,33.93,2.928,Diferente,Muy similar,No comparable / revisar
102424_Semanal_2014_2024,Los Lagos,32677_Semanal_2014_2024,Centro,2020,32,2021,6,6,2021,9.316,4.912,4.404,31.007,33.94,2.933,Diferente,Muy similar,No comparable / revisar
102424_Semanal_2014_2024,Los Lagos,32677_Semanal_2014_2024,Centro,2020,33,2021,7,7,2021,9.177,4.906,4.271,31.069,33.693,2.624,Diferente,Muy similar,No comparable / revisar
102424_Semanal_2014_2024,Los Lagos,32677_Semanal_2014_2024,Centro,2020,34,2021,8,8,2021,9.255,5.147,4.108,31.148,33.334,2.186,Diferente,Muy similar,No comparable / revisar
102424_Semanal_2014_2024,Los Lagos,32677_Semanal_2014_2024,Centro,2020,35,2021,9,9,2021,9.533,5.338,4.195,31.135,33.182,2.047,Diferente,Muy similar,No comparable / revisar
102424_Semanal_2014_2024,Los Lagos,32677_Semanal_2014_2024,Centro,2020,36,2021,10,10,2021,9.697,5.155,4.542,30.996,33.311,2.315,Diferente,Muy similar,No comparable / revisar
102424_Semanal_2014_2024,Los Lagos,32677_Semanal_2014_2024,Centro,2020,37,2021,11,11,2021,9.81,5.157,4.653,31.033,33.285,2.252,Diferente,Muy similar,No comparable / revisar
102424_Semanal_2014_2024,Los Lagos,32677_Semanal_2014_2024,Centro,2020,38,2021,12,12,2021,9.933,5.526,4.407,30.982,33.354,2.372,Diferente,Muy similar,No comparable / revisar
102424_Semanal_2014_2024,Los Lagos,32677_Semanal_2014_2024,Centro,2020,39,2021,13,13,2021,10.436,5.553,4.883,31.244,33.284,2.04,Diferente,Muy similar,No comparable / revisar
102424_Semanal_2014_2024,Los Lagos,32677_Semanal_2014_2024,Centro,2020,40,2021,14,14,2021,10.344,5.437,4.907,31.112,33.396,2.284,Diferente,Muy similar,No comparable / revisar
102424_Semanal_2014_2024,Los Lagos,32677_Semanal_2014_2024,Centro,2020,41,2021,15,15,2021,10.463,5.644,4.819,31.101,33.391,2.29,Diferente,Muy similar,No comparable / revisar
102424_Semanal_2014_2024,Los Lagos,32677_Semanal_2014_2024,Centro,2020,42,2021,16,16,2021,11.238,5.997,5.241,31.061,33.329,2.268,No comparable,Muy similar,No comparable / revisar
102424_Semanal_2014_2024,Los Lagos,32677_Semanal_2014_2024,Centro,2020,43,2021,17,17,2021,11.699,6.094,5.605,31.112,33.338,2.226,No comparable,Muy similar,No comparable / revisar
102424_Semanal_2014_2024,Los Lagos,32677_Semanal_2014_2024,Centro,2020,44,2021,18,18,2021,11.793,6.268,5.525,31.13,33.383,2.253,No comparable,Muy similar,No comparable / revisar
102424_Semanal_2014_2024,Los Lagos,32677_Semanal_2014_2024,Centro,2020,45,2021,19,19,2021,12.661,7.334,5.327,31.082,33.226,2.144,No comparable,Muy similar,No comparable / revisar
102424_Semanal_2014_2024,Los Lagos,32677_Semanal_2014_2024,Centro,2020,46,2021,20,20,2021,13.181,8.364,4.817,31.22,33.176,1.956,Diferente,Muy similar,No comparable / revisar
102424_Semanal_2014_2024,Los Lagos,32677_Semanal_2014_2024,Centro,2020,47,2021,21,21,2021,13.96,9.121,4.839,31.376,32.933,1.557,Diferente,Muy similar,No comparable / revisar
102424_Semanal_2014_2024,Los Lagos,32677_Semanal_2014_2024,Centro,2020,48,2021,22,22,2021,13.417,10.998,2.419,31.52,32.966,1.446,Muy similar,Muy similar,Comparable
102424_Semanal_2014_2024,Los Lagos,32677_Semanal_2014_2024,Centro,2020,49,2021,23,23,2021,13.659,12.069,1.59,31.454,33.295,1.841,Muy similar,Muy similar,Comparable
102424_Semanal_2014_2024,Los Lagos,32677_Semanal_2014_2024,Centro,2020,50,2021,24,24,2021,14.218,11.38,2.838,31.448,33.844,2.396,Muy similar,Muy similar,Comparable
102424_Semanal_2014_2024,Los Lagos,32677_Semanal_2014_2024,Centro,2020,51,2021,25,25,2021,14.12,11.874,2.246,31.432,33.898,2.466,Muy similar,Muy similar,Comparable
102424_Semanal_2014_2024,Los Lagos,32677_Semanal_2014_2024,Centro,2020,52,2021,26,26,2021,14.895,12.402,2.493,31.448,33.73,2.282,Muy similar,Muy similar,Comparable
102424_Semanal_2014_2024,Los Lagos,32677_Semanal_2014_2024,Centro,2020,53,2021,27,27,2021,15.774,14.224,1.55,31.442,33.451,2.009,Muy similar,Muy similar,Comparable
102424_Semanal_2014_2024,Los Lagos,32677_Semanal_2014_2024,Centro,2021,1,2021,27,27,2021,15.352,14.224,1.128,31.478,33.451,1.973,Muy similar,Muy similar,Comparable
102424_Semanal_2014_2024,Los Lagos,32677_Semanal_2014_2024,Centro,2021,2,2021,28,28,2021,15.243,14.275,0.968,31.532,33.175,1.643,Muy similar,Muy similar,Comparable
102424_Semanal_2014_2024,Los Lagos,32677_Semanal_2014_2024,Centro,2021,3,2021,29,29,2021,16.255,13.651,2.604,31.498,33.186,1.688,Muy similar,Muy similar,Comparable
102424_Semanal_2014_2024,Los Lagos,32677_Semanal_2014_2024,Centro,2021,4,2021,30,30,2021,15.674,14.591,1.083,31.384,33.089,1.705,Muy similar,Muy similar,Comparable
102424_Semanal_2014_2024,Los Lagos,32677_Semanal_2014_2024,Centro,2021,5,2021,31,31,2021,15.488,14.753,0.735,31.485,32.978,1.493,Muy similar,Muy similar,Comparable
102424_Semanal_2014_2024,Los Lagos,32677_Semanal_2014_2024,Centro,2021,6,2021,32,32,2021,16.119,15.36,0.759,31.734,32.826,1.092,Muy similar,Muy similar,Comparable
102424_Semanal_2014_2024,Los Lagos,32677_Semanal_2014_2024,Centro,2021,7,2021,33,33,2021,15.567,14.55,1.017,31.912,32.936,1.024,Muy similar,Muy similar,Comparable
102424_Semanal_2014_2024,Los Lagos,32677_Semanal_2014_2024,Centro,2021,8,2021,34,34,2021,15.453,13.945,1.508,32.049,33.205,1.156,Muy similar,Muy similar,Comparable
102424_Semanal_2014_2024,Los Lagos,32677_Semanal_2014_2024,Centro,2021,9,2021,35,35,2021,15.688,13.561,2.127,32.2,33.197,0.997,Muy similar,Muy similar,Comparable
102424_Semanal_2014_2024,Los Lagos,32677_Semanal_2014_2024,Centro,2021,10,2021,36,36,2021,15.235,13.186,2.049,32.251,33.196,0.945,Muy similar,Muy similar,Comparable
102424_Semanal_2014_2024,Los Lagos,32677_Semanal_2014_2024,Centro,2021,11,2021,37,37,2021,15.099,12.95,2.149,32.39,33.336,0.946,Muy similar,Muy similar,Comparable
102424_Semanal_2014_2024,Los Lagos,32677_Semanal_2014_2024,Centro,2021,12,2021,38,38,2021,14.946,12.529,2.417,32.516,33.185,0.669,Muy similar,Muy similar,Comparable
102424_Semanal_2014_2024,Los Lagos,32677_Semanal_2014_2024,Centro,2021,13,2021,39,39,2021,14.593,12.117,2.476,32.607,33.267,0.66,Muy similar,Muy similar,Comparable
102424_Semanal_2014_2024,Los Lagos,32677_Semanal_2014_2024,Centro,2021,14,2021,40,40,2021,14.165,11.925,2.24,32.588,33.125,0.537,Muy similar,Muy similar,Comparable
102424_Semanal_2014_2024,Los Lagos,32677_Semanal_2014_2024,Centro,2021,15,2021,41,41,2021,13.857,11.645,2.212,32.52,32.989,0.469,Muy similar,Muy similar,Comparable
102424_Semanal_2014_2024,Los Lagos,32677_Semanal_2014_2024,Centro,2021,16,2021,42,42,2021,13.367,10.999,2.368,32.411,33.038,0.627,Muy similar,Muy similar,Comparable
102424_Semanal_2014_2024,Los Lagos,32677_Semanal_2014_2024,Centro,2021,17,2021,43,43,2021,13.086,10.837,2.249,32.351,33.04,0.689,Muy similar,Muy similar,Comparable
102424_Semanal_2014_2024,Los Lagos,32677_Semanal_2014_2024,Centro,2021,18,2021,44,44,2021,12.715,10.587,2.128,32.239,32.807,0.568,Muy similar,Muy similar,Comparable
102424_Semanal_2014_2024,Los Lagos,32677_Semanal_2014_2024,Centro,2021,19,2021,45,45,2021,12.395,10.3,2.095,32.36,32.551,0.191,Muy similar,Muy similar,Comparable
102424_Semanal_2014_2024,Los Lagos,32677_Semanal_2014_2024,Centro,2021,20,2021,46,46,2021,12.181,9.934,2.247,32.365,32.316,0.049,Muy similar,Muy similar,Comparable
102424_Semanal_2014_2024,Los Lagos,32677_Semanal_2014_2024,Centro,2021,21,2021,47,47,2021,11.725,9.246,2.479,32.141,32.552,0.411,Muy similar,Muy similar,Comparable
102424_Semanal_2014_2024,Los Lagos,32677_Semanal_2014_2024,Centro,2021,22,2021,48,48,2021,11.209,7.902,3.307,31.598,32.576,0.978,Diferente,Muy similar,No comparable / revisar
102424_Semanal_2014_2024,Los Lagos,32677_Semanal_2014_2024,Centro,2021,23,2021,49,49,2021,11.157,7.247,3.91,31.474,32.972,1.498,Diferente,Muy similar,No comparable / revisar
102424_Semanal_2014_2024,Los Lagos,32677_Semanal_2014_2024,Centro,2021,24,2021,50,50,2021,10.614,7.578,3.036,31.553,33.124,1.571,Diferente,Muy similar,No comparable / revisar
102424_Semanal_2014_2024,Los Lagos,32677_Semanal_2014_2024,Centro,2021,25,2021,51,51,2021,10.347,7.227,3.12,31.6,33.226,1.626,Diferente,Muy similar,No comparable / revisar
102424_Semanal_2014_2024,Los Lagos,32677_Semanal_2014_2024,Centro,2021,26,2021,52,52,2021,10.113,6.683,3.43,31.644,33.243,1.599,Diferente,Muy similar,No comparable / revisar
102424_Semanal_2014_2024,Los Lagos,32677_Semanal_2014_2024,Centro,2021,27,2022,1,1,2022,10.151,6.546,3.605,31.577,33.438,1.861,Diferente,Muy similar,No comparable / revisar
102424_Semanal_2014_2024,Los Lagos,32677_Semanal_2014_2024,Centro,2021,28,2022,2,2,2022,9.882,6.501,3.381,31.603,33.5,1.897,Diferente,Muy similar,No comparable / revisar
102424_Semanal_2014_2024,Los Lagos,32677_Semanal_2014_2024,Centro,2021,29,2022,3,3,2022,9.849,6.688,3.161,31.656,33.782,2.126,Diferente,Muy similar,No comparable / revisar
102424_Semanal_2014_2024,Los Lagos,32677_Semanal_2014_2024,Centro,2021,30,2022,4,4,2022,9.698,6.644,3.054,31.819,33.86,2.041,Diferente,Muy similar,No comparable / revisar
102424_Semanal_2014_2024,Los Lagos,32677_Semanal_2014_2024,Centro,2021,31,2022,5,5,2022,9.676,6.223,3.453,31.841,33.951,2.11,Diferente,Muy similar,No comparable / revisar
102424_Semanal_2014_2024,Los Lagos,32677_Semanal_2014_2024,Centro,2021,32,2022,6,6,2022,9.731,6.134,3.597,31.864,33.92,2.056,Diferente,Muy similar,No comparable / revisar
102424_Semanal_2014_2024,Los Lagos,32677_Semanal_2014_2024,Centro,2021,33,2022,7,7,2022,9.925,5.734,4.191,31.768,33.85,2.082,Diferente,Muy similar,No comparable / revisar
102424_Semanal_2014_2024,Los Lagos,32677_Semanal_2014_2024,Centro,2021,34,2022,8,8,2022,9.812,5.515,4.297,31.605,33.735,2.13,Diferente,Muy similar,No comparable / revisar
102424_Semanal_2014_2024,Los Lagos,32677_Semanal_2014_2024,Centro,2021,35,2022,9,9,2022,10.142,5.498,4.644,31.341,33.665,2.324,Diferente,Muy similar,No comparable / revisar
102424_Semanal_2014_2024,Los Lagos,32677_Semanal_2014_2024,Centro,2021,36,2022,10,10,2022,10.326,5.563,4.763,31.454,33.724,2.27,Diferente,Muy similar,No comparable / revisar
102424_Semanal_2014_2024,Los Lagos,32677_Semanal_2014_2024,Centro,2021,37,2022,11,11,2022,10.315,5.633,4.682,31.333,33.78,2.447,Diferente,Muy similar,No comparable / revisar
102424_Semanal_2014_2024,Los Lagos,32677_Semanal_2014_2024,Centro,2021,38,2022,12,12,2022,10.524,6.03,4.494,31.384,33.875,2.491,Diferente,Muy similar,No comparable / revisar
102424_Semanal_2014_2024,Los Lagos,32677_Semanal_2014_2024,Centro,2021,39,2022,13,13,2022,10.584,6.074,4.51,31.467,33.903,2.436,Diferente,Muy similar,No comparable / revisar
102424_Semanal_2014_2024,Los Lagos,32677_Semanal_2014_2024,Centro,2021,40,2022,14,14,2022,10.738,6.076,4.662,31.469,33.897,2.428,Diferente,Muy similar,No comparable / revisar
102424_Semanal_2014_2024,Los Lagos,32677_Semanal_2014_2024,Centro,2021,41,2022,15,15,2022,11.208,6.343,4.865,31.491,33.927,2.436,Diferente,Muy similar,No comparable / revisar
102424_Semanal_2014_2024,Los Lagos,32677_Semanal_2014_2024,Centro,2021,42,2022,16,16,2022,11.857,7.126,4.731,31.344,33.862,2.518,Diferente,Muy similar,No comparable / revisar
102424_Semanal_2014_2024,Los Lagos,32677_Semanal_2014_2024,Centro,2021,43,2022,17,17,2022,12.236,6.975,5.261,31.285,33.773,2.488,No comparable,Muy similar,No comparable / revisar
102424_Semanal_2014_2024,Los Lagos,32677_Semanal_2014_2024,Centro,2021,44,2022,18,18,2022,12.833,7.031,5.802,31.158,34.002,2.844,No comparable,Muy similar,No comparable / revisar
102424_Semanal_2014_2024,Los Lagos,32677_Semanal_2014_2024,Centro,2021,45,2022,19,19,2022,13.367,7.392,5.975,31.288,34.063,2.775,No comparable,Muy similar,No comparable / revisar
102424_Semanal_2014_2024,Los Lagos,32677_Semanal_2014_2024,Centro,2021,46,2022,20,20,2022,13.297,8.057,5.24,31.381,34.095,2.714,No comparable,Muy similar,No comparable / revisar
102424_Semanal_2014_2024,Los Lagos,32677_Semanal_2014_2024,Centro,2021,47,2022,21,21,2022,13.597,9.087,4.51,31.44,34.019,2.579,Diferente,Muy similar,No comparable / revisar
102424_Semanal_2014_2024,Los Lagos,32677_Semanal_2014_2024,Centro,2021,48,2022,22,22,2022,13.818,9.766,4.052,31.637,33.978,2.341,Diferente,Muy similar,No comparable / revisar
102424_Semanal_2014_2024,Los Lagos,32677_Semanal_2014_2024,Centro,2021,49,2022,23,23,2022,14.577,9.722,4.855,31.909,33.985,2.076,Diferente,Muy similar,No comparable / revisar
102424_Semanal_2014_2024,Los Lagos,32677_Semanal_2014_2024,Centro,2021,50,2022,24,24,2022,14.765,10.008,4.757,31.757,33.748,1.991,Diferente,Muy similar,No comparable / revisar
102424_Semanal_2014_2024,Los Lagos,32677_Semanal_2014_2024,Centro,2021,51,2022,25,25,2022,15.671,10.948,4.723,31.865,33.478,1.613,Diferente,Muy similar,No comparable / revisar
102424_Semanal_2014_2024,Los Lagos,32677_Semanal_2014_2024,Centro,2021,52,2022,26,26,2022,16.27,12.176,4.094,31.841,33.251,1.41,Diferente,Muy similar,No comparable / revisar
102424_Semanal_2014_2024,Los Lagos,32677_Semanal_2014_2024,Centro,2022,1,2022,27,27,2022,16.372,11.905,4.467,31.789,33.01,1.221,Diferente,Muy similar,No comparable / revisar
102424_Semanal_2014_2024,Los Lagos,32677_Semanal_2014_2024,Centro,2022,2,2022,28,28,2022,17.118,11.979,5.139,31.846,32.987,1.141,No comparable,Muy similar,No comparable / revisar
102424_Semanal_2014_2024,Los Lagos,32677_Semanal_2014_2024,Centro,2022,3,2022,29,29,2022,16.501,12.409,4.092,31.912,32.887,0.975,Diferente,Muy similar,No comparable / revisar
102424_Semanal_2014_2024,Los Lagos,32677_Semanal_2014_2024,Centro,2022,4,2022,30,30,2022,16.818,12.991,3.827,31.964,32.8,0.836,Diferente,Muy similar,No comparable / revisar
102424_Semanal_2014_2024,Los Lagos,32677_Semanal_2014_2024,Centro,2022,5,2022,31,31,2022,16.898,13.429,3.469,32.011,32.742,0.731,Diferente,Muy similar,No comparable / revisar
102424_Semanal_2014_2024,Los Lagos,32677_Semanal_2014_2024,Centro,2022,6,2022,32,32,2022,16.775,13.694,3.081,32.105,32.723,0.618,Diferente,Muy similar,No comparable / revisar
102424_Semanal_2014_2024,Los Lagos,32677_Semanal_2014_2024,Centro,2022,7,2022,33,33,2022,16.311,14.071,2.24,32.271,32.6,0.329,Muy similar,Muy similar,Comparable
102424_Semanal_2014_2024,Los Lagos,32677_Semanal_2014_2024,Centro,2022,8,2022,34,34,2022,16.165,13.705,2.46,32.349,32.033,0.316,Muy similar,Muy similar,Comparable
102424_Semanal_2014_2024,Los Lagos,32677_Semanal_2014_2024,Centro,2022,9,2022,35,35,2022,15.641,13.351,2.29,32.255,32.014,0.241,Muy similar,Muy similar,Comparable
102424_Semanal_2014_2024,Los Lagos,32677_Semanal_2014_2024,Centro,2022,10,2022,36,36,2022,14.978,13.293,1.685,32.207,32.047,0.16,Muy similar,Muy similar,Comparable
102424_Semanal_2014_2024,Los Lagos,32677_Semanal_2014_2024,Centro,2022,11,2022,37,37,2022,14.946,13.087,1.859,32.217,32.053,0.164,Muy similar,Muy similar,Comparable
102424_Semanal_2014_2024,Los Lagos,32677_Semanal_2014_2024,Centro,2022,12,2022,38,38,2022,14.281,12.608,1.673,32.284,32.19,0.094,Muy similar,Muy similar,Comparable
102424_Semanal_2014_2024,Los Lagos,32677_Semanal_2014_2024,Centro,2022,13,2022,39,39,2022,13.711,12.428,1.283,32.3,32.516,0.216,Muy similar,Muy similar,Comparable
102424_Semanal_2014_2024,Los Lagos,32677_Semanal_2014_2024,Centro,2022,14,2022,40,40,2022,13.263,12.17,1.093,32.187,33.329,1.142,Muy similar,Muy similar,Comparable
102424_Semanal_2014_2024,Los Lagos,32677_Semanal_2014_2024,Centro,2022,15,2022,41,41,2022,13.011,11.871,1.14,32.178,33.414,1.236,Muy similar,Muy similar,Comparable
102424_Semanal_2014_2024,Los Lagos,32677_Semanal_2014_2024,Centro,2022,16,2022,42,42,2022,12.708,11.395,1.313,32.186,33.241,1.055,Muy similar,Muy similar,Comparable
102424_Semanal_2014_2024,Los Lagos,32677_Semanal_2014_2024,Centro,2022,17,2022,43,43,2022,11.788,11.03,0.758,32.364,32.998,0.634,Muy similar,Muy similar,Comparable
102424_Semanal_2014_2024,Los Lagos,32677_Semanal_2014_2024,Centro,2022,18,2022,44,44,2022,11.56,10.91,0.65,31.934,32.623,0.689,Muy similar,Muy similar,Comparable
102424_Semanal_2014_2024,Los Lagos,32677_Semanal_2014_2024,Centro,2022,19,2022,45,45,2022,11.328,10.756,0.572,31.885,32.227,0.342,Muy similar,Muy similar,Comparable
102424_Semanal_2014_2024,Los Lagos,32677_Semanal_2014_2024,Centro,2022,20,2022,46,46,2022,10.989,10.168,0.821,31.927,32.176,0.249,Muy similar,Muy similar,Comparable
102424_Semanal_2014_2024,Los Lagos,32677_Semanal_2014_2024,Centro,2022,21,2022,47,47,2022,10.549,9.293,1.256,31.67,32.574,0.904,Muy similar,Muy similar,Comparable
102424_Semanal_2014_2024,Los Lagos,32677_Semanal_2014_2024,Centro,2022,22,2022,48,48,2022,10.017,9.566,0.451,31.809,32.943,1.134,Muy similar,Muy similar,Comparable
102424_Semanal_2014_2024,Los Lagos,32677_Semanal_2014_2024,Centro,2022,23,2022,49,49,2022,9.803,8.684,1.119,31.642,32.947,1.305,Muy similar,Muy similar,Comparable
102424_Semanal_2014_2024,Los Lagos,32677_Semanal_2014_2024,Centro,2022,24,2022,50,50,2022,9.735,7.328,2.407,31.623,32.898,1.275,Muy similar,Muy similar,Comparable
102424_Semanal_2014_2024,Los Lagos,32677_Semanal_2014_2024,Centro,2022,25,2022,51,51,2022,9.158,7.025,2.133,31.547,32.925,1.378,Muy similar,Muy similar,Comparable
102424_Semanal_2014_2024,Los Lagos,32677_Semanal_2014_2024,Centro,2022,26,2022,52,52,2022,9.011,6.831,2.18,31.541,33.134,1.593,Muy similar,Muy similar,Comparable
102424_Semanal_2014_2024,Los Lagos,32677_Semanal_2014_2024,Centro,2022,27,2023,1,1,2023,9.119,6.706,2.413,31.623,33.342,1.719,Muy similar,Muy similar,Comparable
102424_Semanal_2014_2024,Los Lagos,32677_Semanal_2014_2024,Centro,2022,28,2023,2,2,2023,8.757,6.978,1.779,31.555,33.489,1.934,Muy similar,Muy similar,Comparable
102424_Semanal_2014_2024,Los Lagos,32677_Semanal_2014_2024,Centro,2022,29,2023,3,3,2023,8.607,6.444,2.163,31.524,33.485,1.961,Muy similar,Muy similar,Comparable
102424_Semanal_2014_2024,Los Lagos,32677_Semanal_2014_2024,Centro,2022,30,2023,4,4,2023,8.447,7.046,1.401,31.565,33.793,2.228,Muy similar,Muy similar,Comparable
102424_Semanal_2014_2024,Los Lagos,32677_Semanal_2014_2024,Centro,2022,31,2023,5,5,2023,8.48,6.824,1.656,31.703,33.89,2.187,Muy similar,Muy similar,Comparable
102424_Semanal_2014_2024,Los Lagos,32677_Semanal_2014_2024,Centro,2022,32,2023,6,6,2023,8.581,6.73,1.851,31.734,33.774,2.04,Muy similar,Muy similar,Comparable
102424_Semanal_2014_2024,Los Lagos,32677_Semanal_2014_2024,Centro,2022,33,2023,7,7,2023,8.673,6.728,1.945,31.619,33.677,2.058,Muy similar,Muy similar,Comparable
102424_Semanal_2014_2024,Los Lagos,32677_Semanal_2014_2024,Centro,2022,34,2023,8,8,2023,8.722,6.255,2.467,31.489,33.695,2.206,Muy similar,Muy similar,Comparable
102424_Semanal_2014_2024,Los Lagos,32677_Semanal_2014_2024,Centro,2022,35,2023,9,9,2023,8.974,6.175,2.799,31.471,33.749,2.278,Muy similar,Muy similar,Comparable
102424_Semanal_2014_2024,Los Lagos,32677_Semanal_2014_2024,Centro,2022,36,2023,10,10,2023,9.22,5.428,3.792,31.523,33.735,2.212,Diferente,Muy similar,No comparable / revisar
102424_Semanal_2014_2024,Los Lagos,32677_Semanal_2014_2024,Centro,2022,37,2023,11,11,2023,9.523,5.341,4.182,31.442,33.788,2.346,Diferente,Muy similar,No comparable / revisar
102424_Semanal_2014_2024,Los Lagos,32677_Semanal_2014_2024,Centro,2022,38,2023,12,12,2023,9.722,5.464,4.258,31.418,33.797,2.379,Diferente,Muy similar,No comparable / revisar
102424_Semanal_2014_2024,Los Lagos,32677_Semanal_2014_2024,Centro,2022,39,2023,13,13,2023,10.231,5.28,4.951,31.52,33.808,2.288,Diferente,Muy similar,No comparable / revisar
102424_Semanal_2014_2024,Los Lagos,32677_Semanal_2014_2024,Centro,2022,40,2023,14,14,2023,10.444,5.71,4.734,31.48,33.795,2.315,Diferente,Muy similar,No comparable / revisar
102424_Semanal_2014_2024,Los Lagos,32677_Semanal_2014_2024,Centro,2022,41,2023,15,15,2023,10.787,6.144,4.643,31.381,33.767,2.386,Diferente,Muy similar,No comparable / revisar
102424_Semanal_2014_2024,Los Lagos,32677_Semanal_2014_2024,Centro,2022,42,2023,16,16,2023,11.965,6.94,5.025,31.395,33.778,2.383,No comparable,Muy similar,No comparable / revisar
102424_Semanal_2014_2024,Los Lagos,32677_Semanal_2014_2024,Centro,2022,43,2023,17,17,2023,11.91,6.349,5.561,31.457,33.932,2.475,No comparable,Muy similar,No comparable / revisar
102424_Semanal_2014_2024,Los Lagos,32677_Semanal_2014_2024,Centro,2022,44,2023,18,18,2023,12.804,6.865,5.939,31.422,33.902,2.48,No comparable,Muy similar,No comparable / revisar
102424_Semanal_2014_2024,Los Lagos,32677_Semanal_2014_2024,Centro,2022,45,2023,19,19,2023,13.74,8.135,5.605,31.324,33.896,2.572,No comparable,Muy similar,No comparable / revisar
102424_Semanal_2014_2024,Los Lagos,32677_Semanal_2014_2024,Centro,2022,46,2023,20,20,2023,13.443,8.237,5.206,31.469,33.892,2.423,No comparable,Muy similar,No comparable / revisar
102424_Semanal_2014_2024,Los Lagos,32677_Semanal_2014_2024,Centro,2022,47,2023,21,21,2023,14.306,8.394,5.912,31.255,33.878,2.623,No comparable,Muy similar,No comparable / revisar
102424_Semanal_2014_2024,Los Lagos,32677_Semanal_2014_2024,Centro,2022,48,2023,22,22,2023,14.565,8.113,6.452,31.286,33.866,2.58,No comparable,Muy similar,No comparable / revisar
102424_Semanal_2014_2024,Los Lagos,32677_Semanal_2014_2024,Centro,2022,49,2023,23,23,2023,14.033,8.813,5.22,31.43,33.895,2.465,No comparable,Muy similar,No comparable / revisar
102424_Semanal_2014_2024,Los Lagos,32677_Semanal_2014_2024,Centro,2022,50,2023,24,24,2023,14.981,10.06,4.921,31.411,33.742,2.331,Diferente,Muy similar,No comparable / revisar
102424_Semanal_2014_2024,Los Lagos,32677_Semanal_2014_2024,Centro,2022,51,2023,25,25,2023,15.537,11.155,4.382,31.319,33.526,2.207,Diferente,Muy similar,No comparable / revisar
102424_Semanal_2014_2024,Los Lagos,32677_Semanal_2014_2024,Centro,2022,52,2023,26,26,2023,15.362,12.215,3.147,31.619,33.679,2.06,Diferente,Muy similar,No comparable / revisar
102424_Semanal_2014_2024,Los Lagos,32677_Semanal_2014_2024,Centro,2023,1,2023,27,27,2023,15.64,12.979,2.661,31.72,33.737,2.017,Muy similar,Muy similar,Comparable
102424_Semanal_2014_2024,Los Lagos,32677_Semanal_2014_2024,Centro,2023,2,2023,28,28,2023,15.852,13.939,1.913,31.715,33.64,1.925,Muy similar,Muy similar,Comparable
102424_Semanal_2014_2024,Los Lagos,32677_Semanal_2014_2024,Centro,2023,3,2023,29,29,2023,16.408,13.726,2.682,31.746,33.601,1.855,Muy similar,Muy similar,Comparable
102424_Semanal_2014_2024,Los Lagos,32677_Semanal_2014_2024,Centro,2023,4,2023,30,30,2023,16.878,14.022,2.856,31.663,33.601,1.938,Muy similar,Muy similar,Comparable
102424_Semanal_2014_2024,Los Lagos,32677_Semanal_2014_2024,Centro,2023,5,2023,31,31,2023,16.378,14.601,1.777,31.703,33.498,1.795,Muy similar,Muy similar,Comparable
102424_Semanal_2014_2024,Los Lagos,32677_Semanal_2014_2024,Centro,2023,6,2023,32,32,2023,16.312,13.891,2.421,31.701,33.253,1.552,Muy similar,Muy similar,Comparable
102424_Semanal_2014_2024,Los Lagos,32677_Semanal_2014_2024,Centro,2023,7,2023,33,33,2023,15.59,14.253,1.337,31.814,33.301,1.487,Muy similar,Muy similar,Comparable
102424_Semanal_2014_2024,Los Lagos,32677_Semanal_2014_2024,Centro,2023,8,2023,34,34,2023,15.165,14.243,0.922,31.927,33.132,1.205,Muy similar,Muy similar,Comparable
102424_Semanal_2014_2024,Los Lagos,32677_Semanal_2014_2024,Centro,2023,9,2023,35,35,2023,15.227,13.815,1.412,31.966,33.103,1.137,Muy similar,Muy similar,Comparable
102424_Semanal_2014_2024,Los Lagos,32677_Semanal_2014_2024,Centro,2023,10,2023,36,36,2023,15.02,13.822,1.198,31.903,32.841,0.938,Muy similar,Muy similar,Comparable
102424_Semanal_2014_2024,Los Lagos,32677_Semanal_2014_2024,Centro,2023,11,2023,37,37,2023,14.693,13.652,1.041,31.951,32.776,0.825,Muy similar,Muy similar,Comparable
102424_Semanal_2014_2024,Los Lagos,32677_Semanal_2014_2024,Centro,2023,12,2023,38,38,2023,14.148,13.311,0.837,32.041,32.675,0.634,Muy similar,Muy similar,Comparable
102424_Semanal_2014_2024,Los Lagos,32677_Semanal_2014_2024,Centro,2023,13,2023,39,39,2023,13.184,13.535,0.351,32.184,32.401,0.217,Muy similar,Muy similar,Comparable
102424_Semanal_2014_2024,Los Lagos,32677_Semanal_2014_2024,Centro,2023,14,2023,40,40,2023,13.028,13.432,0.404,32.234,32.376,0.142,Muy similar,Muy similar,Comparable
102424_Semanal_2014_2024,Los Lagos,32677_Semanal_2014_2024,Centro,2023,15,2023,41,41,2023,12.865,12.515,0.35,31.906,32.447,0.541,Muy similar,Muy similar,Comparable
102424_Semanal_2014_2024,Los Lagos,32677_Semanal_2014_2024,Centro,2023,16,2023,42,42,2023,12.577,11.447,1.13,32.175,32.591,0.416,Muy similar,Muy similar,Comparable
102424_Semanal_2014_2024,Los Lagos,32677_Semanal_2014_2024,Centro,2023,17,2023,43,43,2023,12.359,10.471,1.888,32.077,32.503,0.426,Muy similar,Muy similar,Comparable
102424_Semanal_2014_2024,Los Lagos,32677_Semanal_2014_2024,Centro,2023,18,2023,44,44,2023,12.027,9.298,2.729,32.234,32.563,0.329,Muy similar,Muy similar,Comparable
102424_Semanal_2014_2024,Los Lagos,32677_Semanal_2014_2024,Centro,2023,19,2023,45,45,2023,11.853,9.376,2.477,32.109,32.59,0.481,Muy similar,Muy similar,Comparable
102424_Semanal_2014_2024,Los Lagos,32677_Semanal_2014_2024,Centro,2023,20,2023,46,46,2023,11.621,9.096,2.525,32.06,32.67,0.61,Muy similar,Muy similar,Comparable
102424_Semanal_2014_2024,Los Lagos,32677_Semanal_2014_2024,Centro,2023,21,2023,47,47,2023,11.122,8.85,2.272,32.01,32.863,0.853,Muy similar,Muy similar,Comparable
102424_Semanal_2014_2024,Los Lagos,32677_Semanal_2014_2024,Centro,2023,22,2023,48,48,2023,10.693,7.928,2.765,31.762,33.088,1.326,Muy similar,Muy similar,Comparable
102424_Semanal_2014_2024,Los Lagos,32677_Semanal_2014_2024,Centro,2023,23,2023,49,49,2023,10.406,7.24,3.166,31.527,33.163,1.636,Diferente,Muy similar,No comparable / revisar
102424_Semanal_2014_2024,Los Lagos,32677_Semanal_2014_2024,Centro,2023,24,2023,50,50,2023,10.004,7.327,2.677,31.679,33.449,1.77,Muy similar,Muy similar,Comparable
102424_Semanal_2014_2024,Los Lagos,32677_Semanal_2014_2024,Centro,2023,25,2023,51,51,2023,9.778,7.233,2.545,31.794,33.554,1.76,Muy similar,Muy similar,Comparable
102424_Semanal_2014_2024,Los Lagos,32677_Semanal_2014_2024,Centro,2023,26,2023,52,52,2023,9.728,6.503,3.225,31.572,33.636,2.064,Diferente,Muy similar,No comparable / revisar
102424_Semanal_2014_2024,Los Lagos,32677_Semanal_2014_2024,Centro,2023,27,2024,1,1,2024,9.638,6.095,3.543,31.503,33.759,2.256,Diferente,Muy similar,No comparable / revisar
102424_Semanal_2014_2024,Los Lagos,32677_Semanal_2014_2024,Centro,2023,28,2024,2,2,2024,9.257,6.528,2.729,31.381,33.843,2.462,Muy similar,Muy similar,Comparable
102424_Semanal_2014_2024,Los Lagos,32677_Semanal_2014_2024,Centro,2023,29,2024,3,3,2024,9.131,6.084,3.047,31.359,33.786,2.427,Diferente,Muy similar,No comparable / revisar
102424_Semanal_2014_2024,Los Lagos,32677_Semanal_2014_2024,Centro,2023,30,2024,4,4,2024,9.193,6.066,3.127,31.303,33.578,2.275,Diferente,Muy similar,No comparable / revisar
102424_Semanal_2014_2024,Los Lagos,32677_Semanal_2014_2024,Centro,2023,31,2024,5,5,2024,9.283,6.096,3.187,31.41,33.484,2.074,Diferente,Muy similar,No comparable / revisar
102424_Semanal_2014_2024,Los Lagos,32677_Semanal_2014_2024,Centro,2023,32,2024,6,6,2024,9.301,5.689,3.612,31.498,33.557,2.059,Diferente,Muy similar,No comparable / revisar
102424_Semanal_2014_2024,Los Lagos,32677_Semanal_2014_2024,Centro,2023,33,2024,7,7,2024,9.254,5.528,3.726,31.211,33.645,2.434,Diferente,Muy similar,No comparable / revisar
102424_Semanal_2014_2024,Los Lagos,32677_Semanal_2014_2024,Centro,2023,34,2024,8,8,2024,9.196,5.517,3.679,31.278,33.588,2.31,Diferente,Muy similar,No comparable / revisar
102424_Semanal_2014_2024,Los Lagos,32677_Semanal_2014_2024,Centro,2023,35,2024,9,9,2024,9.248,5.516,3.732,31.344,33.472,2.128,Diferente,Muy similar,No comparable / revisar
102424_Semanal_2014_2024,Los Lagos,32677_Semanal_2014_2024,Centro,2023,36,2024,10,10,2024,9.324,5.406,3.918,31.315,33.418,2.103,Diferente,Muy similar,No comparable / revisar
102424_Semanal_2014_2024,Los Lagos,32677_Semanal_2014_2024,Centro,2023,37,2024,11,11,2024,9.648,5.318,4.33,31.163,33.372,2.209,Diferente,Muy similar,No comparable / revisar
102424_Semanal_2014_2024,Los Lagos,32677_Semanal_2014_2024,Centro,2023,38,2024,12,12,2024,9.871,5.318,4.553,31.142,33.288,2.146,Diferente,Muy similar,No comparable / revisar
102424_Semanal_2014_2024,Los Lagos,32677_Semanal_2014_2024,Centro,2023,39,2024,13,13,2024,10.08,5.375,4.705,31.255,33.278,2.023,Diferente,Muy similar,No comparable / revisar
102424_Semanal_2014_2024,Los Lagos,32677_Semanal_2014_2024,Centro,2023,40,2024,14,14,2024,10.373,5.113,5.26,31.241,33.322,2.081,No comparable,Muy similar,No comparable / revisar
102424_Semanal_2014_2024,Los Lagos,32677_Semanal_2014_2024,Centro,2023,41,2024,15,15,2024,10.507,5.396,5.111,31.228,33.256,2.028,No comparable,Muy similar,No comparable / revisar
102424_Semanal_2014_2024,Los Lagos,32677_Semanal_2014_2024,Centro,2023,42,2024,16,16,2024,11.125,5.756,5.369,31.328,33.359,2.031,No comparable,Muy similar,No comparable / revisar
102424_Semanal_2014_2024,Los Lagos,32677_Semanal_2014_2024,Centro,2023,43,2024,17,17,2024,11.447,6.17,5.277,31.514,33.375,1.861,No comparable,Muy similar,No comparable / revisar
102424_Semanal_2014_2024,Los Lagos,32677_Semanal_2014_2024,Centro,2023,44,2024,18,18,2024,11.672,7.221,4.451,31.505,33.363,1.858,Diferente,Muy similar,No comparable / revisar
102424_Semanal_2014_2024,Los Lagos,32677_Semanal_2014_2024,Centro,2023,45,2024,19,19,2024,11.883,7.598,4.285,31.302,33.147,1.845,Diferente,Muy similar,No comparable / revisar
102424_Semanal_2014_2024,Los Lagos,32677_Semanal_2014_2024,Centro,2023,46,2024,20,20,2024,11.725,9.215,2.51,31.231,32.805,1.574,Muy similar,Muy similar,Comparable
102424_Semanal_2014_2024,Los Lagos,32677_Semanal_2014_2024,Centro,2023,47,2024,21,21,2024,11.995,10.303,1.692,31.141,32.776,1.635,Muy similar,Muy similar,Comparable
102424_Semanal_2014_2024,Los Lagos,32677_Semanal_2014_2024,Centro,2023,48,2024,22,22,2024,12.691,11.4,1.291,31.014,32.75,1.736,Muy similar,Muy similar,Comparable
102424_Semanal_2014_2024,Los Lagos,32677_Semanal_2014_2024,Centro,2023,49,2024,23,23,2024,13.488,11.215,2.273,31.275,32.695,1.42,Muy similar,Muy similar,Comparable
102424_Semanal_2014_2024,Los Lagos,32677_Semanal_2014_2024,Centro,2023,50,2024,24,24,2024,13.916,11.386,2.53,31.319,32.66,1.341,Muy similar,Muy similar,Comparable
102424_Semanal_2014_2024,Los Lagos,32677_Semanal_2014_2024,Centro,2023,51,2024,25,25,2024,14.737,11.952,2.785,31.334,32.616,1.282,Muy similar,Muy similar,Comparable
102424_Semanal_2014_2024,Los Lagos,32677_Semanal_2014_2024,Centro,2023,52,2024,26,26,2024,15.084,12.229,2.855,31.55,32.509,0.959,Muy similar,Muy similar,Comparable
102424_Semanal_2014_2024,Los Lagos,32677_Semanal_2014_2024,Centro,2024,1,2024,27,27,2024,15.815,12.267,3.548,31.596,32.456,0.86,Diferente,Muy similar,No comparable / revisar
102424_Semanal_2014_2024,Los Lagos,32677_Semanal_2014_2024,Centro,2024,2,2024,28,28,2024,15.738,12.962,2.776,31.68,32.452,0.772,Muy similar,Muy similar,Comparable
102424_Semanal_2014_2024,Los Lagos,32677_Semanal_2014_2024,Centro,2024,3,2024,29,29,2024,16.046,14.14,1.906,31.713,32.197,0.484,Muy similar,Muy similar,Comparable
102424_Semanal_2014_2024,Los Lagos,32677_Semanal_2014_2024,Centro,2024,4,2024,30,30,2024,16.283,14.853,1.43,31.781,32.169,0.388,Muy similar,Muy similar,Comparable
102424_Semanal_2014_2024,Los Lagos,32677_Semanal_2014_2024,Centro,2024,5,2024,31,31,2024,16.909,15.197,1.712,31.784,32.383,0.599,Muy similar,Muy similar,Comparable
102424_Semanal_2014_2024,Los Lagos,32677_Semanal_2014_2024,Centro,2024,6,2024,32,32,2024,17.052,16.001,1.051,31.832,32.307,0.475,Muy similar,Muy similar,Comparable
102424_Semanal_2014_2024,Los Lagos,32677_Semanal_2014_2024,Centro,2024,7,2024,33,33,2024,16.632,15.272,1.36,31.963,32.297,0.334,Muy similar,Muy similar,Comparable
102424_Semanal_2014_2024,Los Lagos,32677_Semanal_2014_2024,Centro,2024,8,2024,34,34,2024,16.121,14.803,1.318,32.053,32.282,0.229,Muy similar,Muy similar,Comparable
102424_Semanal_2014_2024,Los Lagos,32677_Semanal_2014_2024,Centro,2024,9,2024,35,35,2024,15.823,14.465,1.358,32.085,32.054,0.031,Muy similar,Muy similar,Comparable
102424_Semanal_2014_2024,Los Lagos,32677_Semanal_2014_2024,Centro,2024,10,2024,36,36,2024,15.58,14.569,1.011,32.163,31.929,0.234,Muy similar,Muy similar,Comparable
102424_Semanal_2014_2024,Los Lagos,32677_Semanal_2014_2024,Centro,2024,11,2024,37,37,2024,14.945,14.205,0.74,32.209,31.849,0.36,Muy similar,Muy similar,Comparable
102424_Semanal_2014_2024,Los Lagos,32677_Semanal_2014_2024,Centro,2024,12,2024,38,38,2024,14.442,13.78,0.662,32.168,32.097,0.071,Muy similar,Muy similar,Comparable
102424_Semanal_2014_2024,Los Lagos,32677_Semanal_2014_2024,Centro,2024,13,2024,39,39,2024,14.391,12.843,1.548,32.04,32.007,0.033,Muy similar,Muy similar,Comparable
102424_Semanal_2014_2024,Los Lagos,32677_Semanal_2014_2024,Centro,2024,14,2024,40,40,2024,14.042,12.108,1.934,31.951,32.058,0.107,Muy similar,Muy similar,Comparable
102424_Semanal_2014_2024,Los Lagos,32677_Semanal_2014_2024,Centro,2024,15,2024,41,41,2024,13.676,11.253,2.423,31.929,32.119,0.19,Muy similar,Muy similar,Comparable
102424_Semanal_2014_2024,Los Lagos,32677_Semanal_2014_2024,Centro,2024,16,2024,42,42,2024,13.655,10.582,3.073,32.075,32.478,0.403,Diferente,Muy similar,No comparable / revisar
102424_Semanal_2014_2024,Los Lagos,32677_Semanal_2014_2024,Centro,2024,17,2024,43,43,2024,12.95,10.859,2.091,31.996,32.854,0.858,Muy similar,Muy similar,Comparable
102424_Semanal_2014_2024,Los Lagos,32677_Semanal_2014_2024,Centro,2024,18,2024,44,44,2024,11.96,10.49,1.47,31.972,32.875,0.903,Muy similar,Muy similar,Comparable
102424_Semanal_2014_2024,Los Lagos,32677_Semanal_2014_2024,Centro,2024,19,2024,45,45,2024,11.031,10.477,0.554,31.942,33.127,1.185,Muy similar,Muy similar,Comparable
102424_Semanal_2014_2024,Los Lagos,32677_Semanal_2014_2024,Centro,2024,20,2024,46,46,2024,10.654,10.24,0.414,31.833,33.189,1.356,Muy similar,Muy similar,Comparable
102424_Semanal_2014_2024,Los Lagos,32677_Semanal_2014_2024,Centro,2024,21,2024,47,47,2024,10.314,8.972,1.342,31.85,33.285,1.435,Muy similar,Muy similar,Comparable
102424_Semanal_2014_2024,Los Lagos,32677_Semanal_2014_2024,Centro,2024,22,2024,48,48,2024,9.987,8.53,1.457,31.878,33.153,1.275,Muy similar,Muy similar,Comparable
102424_Semanal_2014_2024,Los Lagos,32677_Semanal_2014_2024,Centro,2024,23,2024,49,49,2024,9.816,8.329,1.487,31.703,33.148,1.445,Muy similar,Muy similar,Comparable
102424_Semanal_2014_2024,Los Lagos,32677_Semanal_2014_2024,Centro,2024,24,2024,50,50,2024,9.918,7.917,2.001,31.648,33.038,1.39,Muy similar,Muy similar,Comparable
102424_Semanal_2014_2024,Los Lagos,32677_Semanal_2014_2024,Centro,2024,25,2024,51,51,2024,9.718,7.558,2.16,31.715,33.041,1.326,Muy similar,Muy similar,Comparable
102424_Semanal_2014_2024,Los Lagos,32677_Semanal_2014_2024,Centro,2024,26,2024,52,52,2024,9.377,7.418,1.959,31.657,33.381,1.724,Muy similar,Muy similar,Comparable
102424_Semanal_2014_2024,Los Lagos,32677_Semanal_2014_2024,Centro,2024,27,2025,1,1,2025,9.158,7.468,1.69,31.748,33.896,2.148,Muy similar,Muy similar,Comparable
